fips,area_sqmi,e_totpop,rpl_theme1,rpl_theme2,rpl_theme3,rpl_theme4,rpl_themes
48039660100,1.632312,4975,0.1432,0.2296,0.3081,0.005,0.0373
48039660200,7.072554,6678,0.2057,0.1241,0.1612,0.4995,0.2028
48039660300,3.846986,11489,0.0758,0.399,0.233,0.3654,0.1949
48039660400,4.214971,10756,0.1932,0.2643,0.4292,0.1926,0.201
48039660500,9.483542,9591,0.2804,0.2182,0.5293,0.1667,0.2289
48039660601,4.323027,13024,0.2224,0.4258,0.5132,0.0854,0.2062
48039660602,18.336459,42978,0.1144,0.0824,0.6412,0.6731,0.2965
48039660701,4.008252,16393,0.1073,0.191,0.4524,0.5857,0.26
48039660702,14.293184,15184,0.109,0.2513,0.4047,0.653,0.2896
48039660801,2.625779,9188,0.0716,0.2252,0.3292,0.5952,0.23
48039660802,2.929471,8418,0.2103,0.0448,0.4966,0.2419,0.1584
48039660900,17.291975,7612,0.4978,0.3047,0.6492,0.4663,0.4818
48039661000,16.48786,7242,0.2458,0.3279,0.4837,0.333,0.2984
48039661100,5.44595,3595,0.6114,0.3321,0.5859,0.3829,0.4931
48039661200,1.358961,4402,0.5149,0.1475,0.2148,0.9348,0.5119
48039661300,1.312301,2460,0.8125,0.9073,0.54,0.5739,0.7675
48039661400,2.706727,6937,0.5615,0.7908,0.5218,0.9609,0.7767
48039661501,15.005804,4941,0.4506,0.6439,0.4726,0.5809,0.5307
48039661502,24.441172,4747,0.3564,0.6508,0.2619,0.4894,0.4078
48039661601,9.0582,6562,0.4496,0.4363,0.3192,0.5317,0.4343
48039661602,12.887911,3065,0.4577,0.2785,0.5962,0.5339,0.4649
48039661700,169.846583,2976,0.4947,0.8163,0.2167,0.7199,0.5755
48039661800,61.954948,6163,0.4393,0.534,0.4673,0.358,0.428
48039661900,116.733516,15562,0.5264,0.0676,0.6446,0.7286,0.4871
48039662000,147.763622,6249,0.5362,0.3635,0.4091,0.7696,0.5576
48039662100,52.284651,5481,0.4859,0.4581,0.4193,0.9513,0.6446
48039662200,36.23196,7375,0.2512,0.3677,0.2907,0.8059,0.414
48039662300,1.331731,5211,0.5488,0.7792,0.4023,0.8527,0.6747
48039662400,34.60379,5040,0.423,0.4074,0.334,0.8816,0.5474
48039662500,36.067466,2986,0.3688,0.7736,0.2276,0.7021,0.5
48039662600,12.26327,3563,0.4713,0.4618,0.4026,0.184,0.3441
48039662700,80.54734,2454,0.3744,0.2072,0.3858,0.4331,0.3287
48039662800,51.751016,6372,0.5105,0.9086,0.1903,0.9039,0.6768
48039662900,0.1439,5111,0.5202,0.6472,0.2094,0.6843,0.5296
48039663000,23.206664,4157,0.5803,0.4599,0.3382,0.6977,0.554
48039663100,34.374096,7648,0.1677,0.073,0.3774,0.2968,0.155
48039663200,1.608447,4721,0.1439,0.3892,0.2502,0.2584,0.1914
48039663300,0.960602,2202,0.5669,0.6068,0.5241,0.1191,0.4053
48039663400,4.20687,7684,0.165,0.3986,0.492,0.6163,0.3614
48039663500,1.386768,6122,0.408,0.385,0.2242,0.5032,0.3729
48039663600,2.143302,5194,0.223,0.2296,0.1111,0.0311,0.0576
48039663700,1.430985,3573,0.3656,0.2122,0.3036,0.521,0.3312
48039663800,2.102462,6288,0.6809,0.5074,0.6207,0.8676,0.7329
48039663900,1.25863,2361,0.7668,0.6047,0.7056,0.9618,0.8698
48039664000,12.766552,3930,0.615,0.3848,0.6725,0.61,0.6102
48039664100,69.768419,5810,0.4907,0.6347,0.5935,0.6112,0.5849
48039664200,45.230418,2146,0.6617,0.4064,0.2917,0.7842,0.6002
48039664300,3.13969,5858,0.901,0.7477,0.7869,0.9973,0.9772
48039664400,27.076071,6042,0.8256,0.7204,0.6836,0.4656,0.7204
48039664501,130.037681,5483,0.6692,0.7889,0.3057,0.4393,0.5749
48039990000,0,0,-999,-999,-999,-999,-999
48157670101,1.290366,6685,0.8804,0.3576,0.9736,0.2179,0.6719
48157670102,0.469982,3311,0.7584,0.7855,0.7999,0.1143,0.607
48157670200,1.400389,7592,0.7352,0.5692,0.8072,0.0938,0.5342
48157670300,1.156528,3400,0.6989,0.8835,0.8057,0.0472,0.5534
48157670400,0.987705,5348,0.5043,0.8705,0.6404,0.555,0.6457
48157670500,2.009749,4598,0.4794,0.3857,0.6417,0.4612,0.4917
48157670601,1.720887,9093,0.4026,0.375,0.6685,0.1059,0.322
48157670602,1.058693,1890,0.4851,0.6357,0.8565,0.1738,0.4971
48157670700,11.216166,5861,0.2412,0.3427,0.6559,0.2524,0.3126
48157670800,5.649793,18027,0.465,0.4369,0.8393,0.7276,0.6375
48157670901,4.571825,12020,0.2121,0.0609,0.5819,0.0196,0.0661
48157670902,4.114014,7963,0.3512,0.3551,0.7906,0.1195,0.3322
48157671001,1.796157,5413,0.2456,0.4681,0.2039,0.1349,0.1899
48157671002,1.467917,5984,0.3577,0.3026,0.5507,0.1233,0.2609
48157671100,2.676429,8663,0.5859,0.1255,0.7399,0.8341,0.6156
48157671200,1.283426,6515,0.5268,0.2616,0.7546,0.4096,0.4956
48157671300,0.981058,4351,0.7632,0.4591,0.7175,0.596,0.6914
48157671400,1.292678,8673,0.4857,0.1027,0.7971,0.9037,0.6141
48157671501,1.525243,8050,0.2074,0.2038,0.5953,0.4974,0.3247
48157671502,0.681715,1640,0.2115,0.0473,0.5268,0.1019,0.1146
48157671601,1.08224,6796,0.1171,0.0864,0.505,0.2214,0.1452
48157671602,0.893115,3465,0.1291,0.1057,0.5916,0.0161,0.0566
48157671700,2.31369,5230,0.1476,0.2773,0.3007,0.3092,0.198
48157671800,4.927627,3384,0.3604,0.352,0.6553,0.2956,0.3854
48157671900,0.822774,4051,0.1224,0.2613,0.4179,0.0399,0.0849
48157672001,3.677468,8160,0.4157,0.2174,0.7182,0.7124,0.5271
48157672002,1.021348,6945,0.3792,0.0969,0.5779,0.4721,0.3472
48157672100,2.482686,4051,0.0983,0.3114,0.4306,0.3835,0.2272
48157672200,2.369315,3620,0.0829,0.1316,0.395,0.278,0.1459
48157672301,1.524867,7712,0.3337,0.0477,0.812,0.7514,0.4437
48157672302,1.500974,9183,0.2207,0.2683,0.4503,0.0798,0.1613
48157672400,1.623984,8935,0.5891,0.3057,0.7171,0.0338,0.3149
48157672500,0.998274,7674,0.374,0.4204,0.8095,0.0556,0.3122
48157672601,1.432049,10813,0.6419,0.2155,0.7638,0.1019,0.4042
48157672602,0.799233,7566,0.5884,0.063,0.8741,0.2526,0.4161
48157672701,4.208804,14544,0.455,0.2892,0.8303,0.155,0.3955
48157672702,1.310874,7720,0.4343,0.3294,0.5291,0.1237,0.2969
48157672800,4.113207,8195,0.3224,0.1176,0.662,0.6016,0.3969
48157672900,18.229593,51536,0.2894,0.1607,0.6142,0.145,0.2254
48157673001,2.033588,7916,0.1627,0.2547,0.2839,0.2041,0.1632
48157673002,5.206474,9303,0.378,0.5238,0.5245,0.4272,0.4361
48157673003,3.204767,12305,0.0098,0.1731,0.4397,0.0409,0.0394
48157673101,19.675561,70271,0.1414,0.1569,0.4556,0.1629,0.1463
48157673102,4.188007,19520,0.1568,0.3394,0.4288,0.2129,0.2091
48157673200,46.108258,16875,0.0975,0.0946,0.1184,0.0386,0.0211
48157673300,46.980984,7258,0.1011,0.1481,0.137,0.1586,0.078
48157673400,33.542626,25696,0.0927,0.1138,0.3013,0.0554,0.0499
48157673500,3.833055,8221,0.1485,0.1189,0.3502,0.1299,0.111
48157673600,3.312359,7746,0.086,0.1268,0.148,0.0633,0.039
48157673700,3.439408,2629,0.9645,0.0852,0.3969,0.7921,0.6724
48157673800,5.386436,10623,0.3896,0.1295,0.6555,0.4243,0.3731
48157673901,2.010105,8875,0.1468,0.0887,0.3847,0.202,0.1321
48157673902,3.326036,11654,0.0714,0.081,0.6909,0.0942,0.1121
48157674000,1.863371,8207,0.3266,0.5817,0.5828,0.3587,0.4169
48157674100,1.610281,7369,0.1589,0.0845,0.4399,0.0913,0.1
48157674200,2.239563,5180,0.1257,0.0603,0.3917,0.034,0.0365
48157674300,2.88506,9259,0.2915,0.1408,0.6014,0.0307,0.1365
48157674400,11.365072,19477,0.1222,0.0812,0.659,0.1276,0.1402
48157674501,8.832199,14142,0.1249,0.1412,0.6098,0.1911,0.1774
48157674502,25.963481,20152,0.2078,0.1525,0.4394,0.0802,0.1292
48157674601,1.230899,3628,0.0234,0.4068,0.1532,0.3796,0.158
48157674602,10.66335,9632,0.0129,0.3825,0.2529,0.0391,0.0461
48157674603,0.97116,6248,0.3819,0.3963,0.4388,0.0775,0.2406
48157674604,2.867333,5260,0.1675,0.1467,0.6243,0.1287,0.1728
48157674700,8.047964,15077,0.312,0.2544,0.584,0.7598,0.4647
48157674800,1.507067,5814,0.6626,0.6893,0.7791,0.8868,0.8176
48157674900,3.677333,6079,0.909,0.9814,0.8523,0.9977,0.9962
48157675000,1.523128,3419,0.7762,0.9468,0.8036,0.9409,0.9478
48157675100,2.994606,11208,0.4512,0.8284,0.6658,0.8368,0.7089
48157675200,2.341641,5862,0.8117,0.8255,0.8663,0.9472,0.9391
48157675300,3.620601,6911,0.7879,0.7702,0.6536,0.9678,0.9026
48157675400,54.784654,8122,0.5371,0.2934,0.6593,0.4182,0.4833
48157675500,110.373927,17695,0.2239,0.2044,0.4547,0.4199,0.2709
48157675600,102.894637,7315,0.2335,0.411,0.4883,0.836,0.4714
48157675700,90.210384,6456,0.5227,0.759,0.483,0.859,0.682
48157675800,124.183187,3281,0.7125,0.8671,0.5488,0.1813,0.5812
48201100000,1.469491,5063,0.2341,0.0318,0.3506,0.8559,0.2942
48201210100,0.255804,6820,0.3922,0.0485,0.6641,0.7038,0.4146
48201210400,0.700509,4403,0.9497,0.8657,0.9135,0.9893,0.9921
48201210500,0.830878,5479,0.92,0.6953,0.9447,0.9068,0.9483
48201210600,0.901076,5273,0.3704,0.6625,0.7621,0.29,0.4747
48201210700,0.435842,2657,0.8371,0.6014,0.9176,0.7568,0.8535
48201210800,1.413312,2709,0.9215,0.5991,0.9229,0.5649,0.8381
48201210900,0.486722,1209,0.839,0.6382,0.8569,0.3299,0.7139
48201211000,0.432305,1941,0.9181,0.8602,0.9267,0.6902,0.9234
48201211100,0.922199,5953,0.8584,0.9146,0.9449,0.6973,0.9217
48201211200,0.657481,2362,0.9202,0.8257,0.8623,0.6296,0.8921
48201211300,1.06487,5303,0.9453,0.7956,0.8862,0.6263,0.8982
48201211400,1.39702,3837,0.8311,0.9121,0.7796,0.4746,0.8157
48201211500,2.334278,6929,0.9372,0.5304,0.992,0.6837,0.8865
48201211600,0.449617,2749,0.7726,0.3865,0.8906,0.6952,0.7558
48201211700,1.715113,3990,0.7964,0.7491,0.8971,0.7988,0.8731
48201211900,0.481672,5478,0.9334,0.5125,0.9916,0.5525,0.8429
48201212300,1.241177,4644,0.9812,0.8104,0.8906,0.9509,0.9821
48201212400,3.136859,2715,0.8373,0.4679,0.9673,0.6137,0.8001
48201212500,4.163807,3980,0.944,0.7677,0.9126,0.1868,0.7542
48201220100,0.685091,2208,0.9482,0.7847,0.9581,0.5903,0.9042
48201220200,0.569959,2609,0.6321,0.4773,0.9017,0.2022,0.5584
48201220300,0.764664,4334,0.7856,0.3783,0.8914,0.2534,0.6215
48201220400,0.73559,4190,0.7565,0.4047,0.9711,0.7209,0.784
48201220500,0.927441,3606,0.8426,0.669,0.8952,0.9931,0.9618
48201220600,0.641278,3940,0.9664,0.6095,0.9547,0.4922,0.8523
48201220700,1.607254,6554,0.9864,0.7554,0.9635,0.8195,0.9601
48201220800,0.669751,3740,0.9303,0.9037,0.9562,0.723,0.9445
48201220900,0.578129,1796,0.9367,0.6432,0.9378,0.7848,0.9157
48201221000,0.957382,4205,0.8981,0.6246,0.9422,0.7456,0.8913
48201221100,1.181934,3830,0.8637,0.4921,0.9428,0.3729,0.7306
48201221200,0.965491,6732,0.7175,0.5085,0.9654,0.4178,0.6889
48201221300,1.325082,9920,0.7995,0.3756,0.9543,0.6021,0.7519
48201221400,0.779692,5977,0.9551,0.33,0.9644,0.8751,0.9109
48201221500,0.872781,8350,0.8812,0.5143,0.9801,0.9927,0.9681
48201221600,2.224076,9861,0.7903,0.5396,0.9665,0.4416,0.7335
48201221700,2.054181,8240,0.7653,0.4304,0.9541,0.3031,0.6601
48201221800,1.212851,4000,0.777,0.4739,0.9784,0.6069,0.7725
48201221900,1.028599,4790,0.9217,0.6369,0.9717,0.5153,0.8439
48201222000,0.438822,2376,0.8244,0.0971,0.8929,0.5874,0.6617
48201222100,0.8823,5617,0.9687,0.4894,0.9554,0.8427,0.9267
48201222200,1.151109,3717,0.872,0.2768,0.9594,0.8016,0.8339
48201222300,1.928671,4920,0.8624,0.4731,0.9566,0.6633,0.8258
48201222401,1.951407,3263,0.787,0.3419,0.9451,0.8229,0.8124
48201222402,1.568361,6417,0.8091,0.4453,0.9155,0.4119,0.6999
48201222501,0.351146,4136,0.8071,0.5311,0.9895,0.6543,0.8164
48201222502,1.317602,3723,0.915,0.4287,0.9156,0.7669,0.8629
48201222503,0.657625,7602,0.9605,0.6039,0.9893,0.8625,0.9472
48201222600,1.011935,5109,0.9428,0.6491,0.9858,0.7468,0.9195
48201222700,2.734162,5773,0.968,0.9508,0.7081,0.7376,0.938
48201222800,2.597959,3148,0.8756,0.5338,0.9302,0.6033,0.8201
48201222900,2.23942,7548,0.6926,0.6324,0.9522,0.3476,0.6788
48201223001,1.198419,4465,0.8712,0.525,0.9736,0.5371,0.8074
48201223002,0.285898,3870,0.8386,0.5359,0.9945,0.8135,0.885
48201223100,1.834647,2336,0.8707,0.456,0.8303,0.5615,0.7636
48201230100,0.525183,1169,0.858,0.5995,0.8173,0.6305,0.8028
48201230200,3.003669,4937,0.8436,0.8805,0.6704,0.9192,0.9232
48201230300,0.673531,2257,0.8964,0.6964,0.8592,0.4458,0.7972
48201230400,1.109874,3423,0.887,0.515,0.9116,0.6215,0.8214
48201230500,1.335926,3737,0.8931,0.6901,0.9244,0.8176,0.914
48201230600,0.836496,2827,0.967,0.9837,0.9038,0.2883,0.9005
48201230700,1.04185,2873,0.9361,0.9554,0.8592,0.8394,0.9664
48201230800,0.715016,2523,0.8914,0.6805,0.9011,0.5964,0.8424
48201230900,2.454651,4227,0.9568,0.8851,0.7536,0.7063,0.9182
48201231000,1.590851,4440,0.862,0.8529,0.8355,0.8312,0.9209
48201231100,4.270044,4867,0.9303,0.6667,0.8923,0.8212,0.9172
48201231200,5.360946,6998,0.8137,0.9458,0.834,0.7071,0.9019
48201231300,1.856963,4615,0.8666,0.9165,0.8284,0.7088,0.9092
48201231400,1.29229,2645,0.7799,0.9159,0.6653,0.3626,0.7239
48201231500,0.447722,3000,0.8952,0.9535,0.795,0.7278,0.927
48201231600,0.642788,3136,0.7841,0.7386,0.8374,0.2668,0.6826
48201231700,1.63334,3443,0.9056,0.5962,0.9682,0.6269,0.8579
48201231800,1.083611,2925,0.8885,0.8276,0.8919,0.6206,0.8825
48201231900,3.39602,7687,0.9286,0.7705,0.9264,0.5137,0.8618
48201232000,6.157571,4632,0.8423,0.7851,0.9436,0.5009,0.8295
48201232100,1.239995,3504,0.7933,0.4769,0.9627,0.8807,0.8683
48201232200,7.657451,17871,0.2934,0.3022,0.7299,0.4508,0.4149
48201232301,9.957695,11956,0.8081,0.6426,0.8273,0.7418,0.8257
48201232302,4.599041,11856,0.768,0.4581,0.8359,0.3083,0.6394
48201232401,5.643195,8938,0.7728,0.1963,0.8267,0.4046,0.6068
48201232402,0.547177,4046,0.7935,0.5185,0.8198,0.4502,0.6972
48201232403,0.785704,4702,0.8073,0.5018,0.8959,0.6066,0.7667
48201232500,4.419536,4300,0.8102,0.7571,0.8217,0.8719,0.8934
48201232600,2.36272,3210,0.6761,0.5777,0.8045,0.0859,0.4996
48201232701,1.802637,8306,0.9501,0.4275,0.9841,0.9919,0.975
48201232702,1.688943,6047,0.9165,0.7709,0.9367,0.8663,0.9447
48201232800,0.763519,5691,0.6371,0.6677,0.7408,0.3309,0.6083
48201232900,1.261569,7170,0.6479,0.5564,0.7573,0.7447,0.717
48201233001,0.365128,3941,0.6079,0.833,0.6551,0.5411,0.6767
48201233002,0.66647,4737,0.5275,0.099,0.6999,0.071,0.2719
48201233003,0.389819,2834,0.3648,0.453,0.6515,0.0599,0.2773
48201233101,0.669619,4426,0.821,0.3089,0.8298,0.877,0.8151
48201233102,0.943767,7125,0.9672,0.592,0.9137,0.7589,0.913
48201233103,0.630035,5374,0.9935,0.7075,0.9298,0.8565,0.9631
48201233200,1.216498,6380,0.7866,0.3982,0.8822,0.2231,0.6123
48201233300,4.024408,4588,0.8169,0.5721,0.922,0.7552,0.8404
48201233400,1.006941,2719,0.9021,0.4082,0.8747,0.7969,0.8514
48201233500,1.077021,8028,0.9255,0.2189,0.8996,0.7581,0.813
48201233600,1.380144,2095,0.8225,0.6669,0.8634,0.4445,0.7496
48201233701,2.63985,5700,0.7956,0.3695,0.8745,0.4203,0.674
48201233702,0.963162,2945,0.9259,0.6865,0.9705,0.517,0.8545
48201233703,2.716277,2386,0.7787,0.4128,0.9112,0.2361,0.6248
48201240100,1.384269,3716,0.8781,0.3208,0.8567,0.8421,0.8372
48201240400,8.067112,8110,0.5828,0.5464,0.8062,0.3073,0.5668
48201240501,1.267987,6135,0.8922,0.6108,0.9801,0.6649,0.87
48201240502,0.247929,5941,0.9768,0.6332,0.9767,0.6787,0.9169
48201240600,0.944181,2792,0.8417,0.5248,0.9901,0.8228,0.8854
48201240701,2.860797,14014,0.5845,0.3532,0.8043,0.2676,0.5071
48201240702,3.955447,15566,0.6807,0.493,0.8124,0.4999,0.6621
48201240801,1.125293,5965,0.6452,0.4919,0.742,0.4577,0.6164
48201240802,4.688377,6280,0.6051,0.6708,0.7336,0.5987,0.673
48201240901,2.226132,11859,0.4736,0.2388,0.6463,0.3886,0.4328
48201240902,4.61552,15047,0.4306,0.5127,0.6834,0.2818,0.4497
48201241000,6.61595,8901,0.4379,0.6746,0.5822,0.2549,0.4464
48201241101,0.790249,4967,0.3708,0.2658,0.5092,0.259,0.3128
48201241102,2.545791,12376,0.3472,0.521,0.5805,0.1776,0.3416
48201241103,1.074154,4054,0.4846,0.0919,0.5507,0.6608,0.4422
48201241200,1.895925,7660,0.4949,0.3879,0.5876,0.1398,0.3602
48201241300,6.614533,11354,0.2238,0.1779,0.4556,0.2634,0.2166
48201241400,4.198754,9781,0.4431,0.3628,0.2879,0.4425,0.3788
48201241500,12.847766,8448,0.8008,0.5162,0.7777,0.9198,0.8568
48201250100,5.466195,9043,0.5838,0.5173,0.5972,0.4796,0.5613
48201250200,2.3081,10730,0.6536,0.6874,0.7177,0.5379,0.6749
48201250301,4.503593,10953,0.5176,0.1502,0.6048,0.686,0.5031
48201250302,1.937618,11705,0.2527,0.3361,0.4948,0.1283,0.221
48201250401,1.812574,12558,0.304,0.3748,0.4784,0.0501,0.1918
48201250402,7.59303,21495,0.0825,0.3124,0.2879,0.1166,0.1123
48201250500,1.760808,6372,0.4024,0.6784,0.4799,0.2925,0.4219
48201250600,5.407599,8403,0.6481,0.7612,0.7355,0.7905,0.7742
48201250701,6.759532,5647,0.3786,0.1262,0.2863,0.1947,0.2041
48201250702,1.159305,4933,0.3084,0.3681,0.2697,0.0543,0.1573
48201250800,2.679108,9037,0.0925,0.6152,0.0689,0.0466,0.0772
48201250900,4.438473,9902,0.076,0.2603,0.0312,0.3489,0.1254
48201251000,2.989092,3094,0.2909,0.2251,0.2527,0.5801,0.3105
48201251100,4.050167,7459,0.2746,0.5369,0.1433,0.231,0.2373
48201251200,1.336828,6572,0.4917,0.3815,0.3454,0.2135,0.3372
48201251300,2.523493,7108,0.1833,0.3563,0.027,0.0811,0.0889
48201251401,0.465104,2894,0.1539,0.0868,0.131,0.0322,0.0252
48201251402,1.030655,6245,0.2418,0.4549,0.1806,0.0591,0.1392
48201251501,6.921624,5973,0.1447,0.2199,0.0933,0.0205,0.0301
48201251502,2.101059,9515,0.0873,0.2996,0.0654,0.0363,0.0353
48201251503,0.358564,2258,0.109,0.4553,0.1021,0.0351,0.0588
48201251600,22.384614,6551,0.1946,0.37,0.0851,0.2885,0.1822
48201251700,27.585415,8266,0.3026,0.7602,0.2565,0.3787,0.3715
48201251800,13.982684,2148,0.1896,0.4118,0.2967,0.3397,0.2492
48201251901,16.318668,10259,0.3767,0.1668,0.1731,0.0986,0.1521
48201251902,6.366678,6020,0.2167,0.6872,0.1626,0.0514,0.153
48201252000,15.571925,19799,0.1658,0.1498,0.5411,0.2918,0.2133
48201252100,8.958179,2274,0.4755,0.3101,0.6186,0.1907,0.3685
48201252200,8.379748,9502,0.5671,0.3637,0.7351,0.7865,0.658
48201252301,1.055558,9856,0.5857,0.3672,0.7886,0.3058,0.5267
48201252302,2.965687,13616,0.6791,0.1975,0.8154,0.3401,0.5442
48201252400,2.054658,6947,0.6615,0.7675,0.7117,0.5283,0.6903
48201252500,11.685884,3779,0.8611,0.2561,0.701,0.4232,0.6367
48201252600,12.903905,8501,0.8887,0.6999,0.7835,0.6935,0.8466
48201252700,18.15063,4157,0.5822,0.8864,0.4281,0.7648,0.6955
48201252800,23.554629,6917,0.7666,0.6832,0.7511,0.6298,0.7571
48201252900,5.43505,8103,0.7001,0.6397,0.5086,0.5413,0.631
48201253000,5.785867,4464,0.7143,0.42,0.6635,0.6167,0.6575
48201253100,11.141338,11333,0.346,0.2806,0.5077,0.0562,0.2001
48201253200,14.036999,10564,0.5164,0.7899,0.5641,0.3392,0.5413
48201253300,2.987994,3524,0.4443,0.7368,0.3409,0.1959,0.381
48201253400,4.945194,635,0.4287,0.8874,0.5951,0.9967,0.8305
48201253500,2.25999,9964,0.7663,0.66,0.7429,0.9413,0.8752
48201253600,2.124735,7093,0.668,0.657,0.7093,0.785,0.7508
48201253700,1.570057,5806,0.5895,0.248,0.6368,0.9327,0.6772
48201253800,2.914071,8252,0.6801,0.6221,0.6303,0.6198,0.6732
48201253900,1.698399,4218,0.7024,0.8192,0.3766,0.779,0.7166
48201254000,0.99099,3967,0.5281,0.8226,0.521,0.9271,0.746
48201254100,1.23493,5375,0.7776,0.9722,0.7513,0.9237,0.9434
48201254200,0.486573,2639,0.9252,0.9355,0.8562,0.1978,0.7978
48201254300,1.165247,5221,0.863,0.7148,0.7062,0.8907,0.8884
48201254400,1.062535,3012,0.9799,0.9286,0.8778,0.6066,0.9364
48201254500,1.901732,1843,0.82,0.4367,0.8171,0.8678,0.8362
48201254600,1.9204,3446,0.6782,0.425,0.8414,0.3998,0.6254
48201254700,5.490398,2461,0.5354,0.9489,0.5748,0.8235,0.7613
48201310100,1.28669,5327,0.6755,0.0929,0.737,0.8859,0.6628
48201310200,0.720754,1830,0.1132,0.0056,0.4732,0.1782,0.0453
48201310300,0.868389,4859,0.71,0.0954,0.7913,0.3048,0.4923
48201310400,0.659651,3554,0.8845,0.9433,0.9705,0.5772,0.9205
48201310500,1.161638,4507,0.9238,0.6932,0.9531,0.9281,0.9566
48201310600,0.685648,5874,0.8085,0.3587,0.9164,0.4692,0.6997
48201310700,0.751447,4302,0.7068,0.358,0.8453,0.9064,0.7959
48201310800,0.733433,2604,0.8336,0.335,0.9237,0.9148,0.8654
48201310900,0.671897,5322,0.8484,0.869,0.979,0.9474,0.971
48201311000,0.897289,6175,0.933,0.7558,0.9782,0.3551,0.8303
48201311100,0.947406,5365,0.8369,0.6313,0.9885,0.8381,0.9057
48201311200,1.139125,4875,0.819,0.6884,0.9223,0.5505,0.8038
48201311300,0.565499,5148,0.8233,0.126,0.9635,0.581,0.6868
48201311400,0.903843,1541,0.8509,0.0902,0.9459,0.7441,0.7316
48201311500,0.897982,7433,0.8979,0.6365,0.9696,0.7117,0.8873
48201311600,0.189651,3798,0.9513,0.3428,0.9851,0.9939,0.9685
48201311700,1.060908,5860,0.9194,0.5422,0.973,0.999,0.9837
48201311800,0.945804,4465,0.9188,0.6683,0.9497,0.7491,0.9088
48201311900,0.800948,2600,0.8877,0.7497,0.9334,0.6597,0.8829
48201312000,0.708052,5287,0.5667,0.0084,0.3154,0.7671,0.3291
48201312100,0.51647,3879,-999,0.0017,0.2651,-999,-999
48201312200,0.419706,2002,0.9117,0.8326,0.6785,0.9442,0.9428
48201312300,0.544816,1894,0.8066,0.4313,0.7995,0.7347,0.7723
48201312400,0.417954,2212,0.9539,0.4474,0.4547,0.5599,0.703
48201312500,0.691399,3325,0.337,0.0069,0.452,0.891,0.3091
48201312600,0.834329,7365,0.2533,0.0251,0.5252,0.83,0.3201
48201312700,0.311273,2386,0.5028,0.1894,0.4671,0.1732,0.3011
48201312800,0.36096,2514,0.9708,0.3557,0.5872,0.9296,0.8677
48201312900,0.549566,4022,0.6218,0.2938,0.4436,0.818,0.6039
48201313000,0.42421,2603,0.5392,0.6018,0.3816,0.8394,0.6244
48201313100,1.498589,3561,0.1242,0.0419,0.2974,0.6351,0.1841
48201313200,1.179203,4002,0.4941,0.3821,0.4158,0.6917,0.5152
48201313300,0.876399,2444,0.7423,0.8696,0.5358,0.4399,0.6813
48201313400,0.717412,3152,0.8411,0.8359,0.5472,0.7075,0.804
48201313500,0.628411,2862,0.878,0.892,0.7085,0.8415,0.9184
48201313600,0.894413,4620,0.9206,0.7828,0.7228,0.9394,0.9411
48201313700,0.510843,2265,0.6843,0.6261,0.7651,0.705,0.7339
48201313800,0.851451,4763,0.9117,0.8632,0.6503,0.5761,0.8351
48201313900,1.064013,4554,0.2497,0.0088,0.5176,0.4913,0.1759
48201314001,0.542891,2805,0.2721,0.014,0.5578,0.7161,0.2638
48201314002,0.70928,6651,0.3347,0.0079,0.3871,0.7351,0.2392
48201314300,0.581977,4263,0.6108,0.0548,0.5528,0.545,0.4326
48201314400,0.914974,3670,0.3372,0.0067,0.6138,0.4842,0.2187
48201320100,0.380056,2822,0.6747,0.3819,0.9868,0.9856,0.8894
48201320200,1.540255,5548,0.7797,0.3007,0.9321,0.8118,0.7913
48201320500,2.136801,4585,0.664,0.1546,0.9199,0.264,0.5148
48201320601,0.525951,2680,0.7676,0.2965,0.9323,0.4573,0.6728
48201320602,0.584716,4835,0.9434,0.2471,0.9424,0.8193,0.86
48201320700,1.329743,4439,0.7918,0.2431,0.8753,0.6459,0.7058
48201320800,1.128047,5175,0.8116,0.8548,0.9397,0.9707,0.9651
48201320900,0.894848,7272,0.7511,0.5622,0.8845,0.7687,0.8059
48201321000,1.53008,9294,0.8849,0.6259,0.8879,0.657,0.8441
48201321100,2.132411,8514,0.6649,0.0994,0.8064,0.3512,0.4942
48201321200,1.143265,3747,0.8536,0.5673,0.8709,0.9478,0.9186
48201321300,0.6084,7091,0.8883,0.6642,0.9114,0.6626,0.8604
48201321401,0.797896,5089,0.9177,0.5453,0.8841,0.4725,0.7901
48201321402,0.756124,4398,0.5755,0.3451,0.8738,0.5415,0.6135
48201321500,0.363474,2965,0.9336,0.7393,0.9612,0.9204,0.9616
48201321600,1.115023,6862,0.5832,0.6807,0.8242,0.657,0.701
48201321700,0.745094,3307,0.5569,0.1444,0.8125,0.3647,0.4685
48201321800,0.503833,4274,0.84,0.3926,0.947,0.2601,0.6674
48201321900,0.953136,5525,0.857,0.2695,0.8676,0.8628,0.827
48201322000,0.269693,5442,0.9818,0.5131,0.965,0.8872,0.9476
48201322100,0.839533,4252,0.9405,0.7652,0.8554,0.9611,0.9683
48201322200,0.364848,1660,0.9472,0.5246,0.8722,0.826,0.9038
48201322600,0.957146,5772,0.8532,0.629,0.6656,0.6645,0.7755
48201322700,0.798779,7850,0.7248,0.7131,0.7632,0.4905,0.7035
48201322800,1.201242,6625,0.7985,0.6257,0.8839,0.4696,0.7412
48201322900,0.641593,3972,0.7657,0.8236,0.8805,0.5607,0.8063
48201323000,0.54025,7422,0.9716,0.4354,0.9267,0.9958,0.9783
48201323100,0.791418,3797,0.9436,0.8491,0.8487,0.986,0.9868
48201323200,0.8133,5814,0.7613,0.3813,0.7387,0.6394,0.6934
48201323300,0.505947,3807,0.8647,0.7004,0.8961,0.9403,0.9366
48201323400,0.768248,8035,0.9647,0.6278,0.8663,0.8114,0.9203
48201323500,1.03158,5905,0.972,0.6309,0.8539,0.9133,0.9487
48201323600,1.953819,7829,0.6143,0.6947,0.6006,0.6346,0.6565
48201323701,0.892362,4533,0.3379,0.566,0.556,0.8266,0.5682
48201323702,0.409226,3119,0.6149,0.8498,0.6163,0.3906,0.629
48201323801,0.515689,3809,0.6398,0.7659,0.7814,0.1418,0.5622
48201323802,0.931383,5090,0.7816,0.5539,0.8187,0.943,0.8798
48201323900,1.09555,4197,0.9419,0.8876,0.7487,0.9975,0.9896
48201324000,3.055515,5392,0.5433,0.4695,0.4847,0.4665,0.4969
48201324100,7.309638,5538,0.9662,0.4762,0.8858,0.7859,0.9002
48201324200,2.497092,1146,0.9064,0.6867,0.9658,0.2814,0.77
48201330100,0.993049,9859,0.8075,0.8115,0.8873,0.5183,0.8111
48201330200,1.711217,4263,0.7889,0.5005,0.8935,0.8943,0.8593
48201330301,1.229507,8688,0.6233,0.3382,0.9359,0.117,0.476
48201330302,2.326931,6685,0.7279,0.7864,0.8755,0.4853,0.7517
48201330303,2.059431,4053,0.6406,0.7047,0.7372,0.5684,0.6859
48201330400,1.679451,4897,0.8499,0.7006,0.8558,0.442,0.7705
48201330500,1.04648,5048,0.89,0.5821,0.9174,0.6501,0.8425
48201330600,1.423562,7355,0.8317,0.3631,0.8858,0.2893,0.6507
48201330700,2.367976,9909,0.8315,0.8673,0.8864,0.7057,0.8904
48201330800,12.025065,12649,0.4744,0.3561,0.7357,0.3754,0.4785
48201330900,3.820455,11862,0.773,0.3576,0.79,0.6933,0.7197
48201331100,1.247565,4108,0.9576,0.8617,0.8089,0.7535,0.9301
48201331200,1.369165,3285,0.8528,0.9914,0.5555,0.7804,0.9121
48201331300,1.748623,5460,0.7835,0.4815,0.7389,0.5692,0.7007
48201331400,0.605217,2421,0.9868,0.9975,0.5105,0.3574,0.8737
48201331500,3.583499,9730,0.6421,0.7861,0.5756,0.2452,0.5605
48201331601,1.193869,6934,0.6475,0.8713,0.5616,0.4097,0.6413
48201331602,2.309232,1883,0.8747,0.8186,0.7116,0.9125,0.9253
48201331700,1.968878,4356,0.8728,0.9946,0.6653,0.5377,0.8915
48201331800,0.891575,4208,0.9451,0.9906,0.7075,0.8293,0.9674
48201331900,0.649349,3665,0.8213,0.9559,0.7117,0.4541,0.8093
48201332000,0.853046,6191,0.9653,0.9937,0.7619,0.9354,0.9916
48201332100,0.41493,3424,0.962,0.8602,0.9661,0.15,0.7932
48201332200,1.096794,5229,0.868,0.7227,0.8977,0.3221,0.7548
48201332300,0.452782,3143,0.9006,0.7424,0.8967,0.1736,0.7137
48201332400,1.408125,3906,0.7812,0.565,0.5373,0.2778,0.5739
48201332500,0.740876,3108,0.867,0.729,0.8791,0.8387,0.9096
48201332600,1.276902,7107,0.6789,0.9694,0.9153,0.9735,0.9614
48201332700,0.977616,2385,0.8357,0.6231,0.9828,0.7167,0.8612
48201332800,0.753221,4821,0.9845,0.7895,0.9721,0.9628,0.9889
48201332900,0.712837,5220,0.8296,0.7416,0.9409,0.9749,0.9555
48201333000,0.576778,3425,0.7047,0.4342,0.9172,0.4683,0.6745
48201333100,0.467628,4052,0.8,0.2572,0.9616,0.649,0.7371
48201333201,0.44185,5004,0.8507,0.217,0.9346,0.8584,0.8235
48201333202,0.86408,5803,0.7755,0.3871,0.8793,0.7194,0.7627
48201333300,2.661655,10546,0.8298,0.4514,0.9499,0.8699,0.8742
48201333500,0.730474,6360,0.7578,0.3965,0.9487,0.7449,0.7865
48201333600,1.40085,4058,0.4502,0.6889,0.8068,0.1934,0.4894
48201333700,3.453368,3395,0.8588,0.3609,0.9026,0.2574,0.6557
48201333800,3.312459,10980,0.6803,0.2957,0.9017,0.6892,0.6932
48201333901,1.869909,10291,0.4111,0.1806,0.8785,0.1431,0.347
48201333902,1.536399,8828,0.5137,0.275,0.8122,0.5481,0.5588
48201334001,0.516333,4389,0.5757,0.5486,0.7812,0.6942,0.6757
48201334002,0.512422,2247,0.418,0.0285,0.5145,0.5434,0.3013
48201334003,1.067194,6846,0.5761,0.207,0.7322,0.3844,0.485
48201334100,10.636258,14543,0.6147,0.4162,0.7829,0.7556,0.687
48201340100,3.251988,6677,0.3278,0.23,0.6324,0.3704,0.3545
48201340201,6.826304,1500,0.066,0.1866,0.3919,0.243,0.1434
48201340202,3.298981,4993,0.0606,0.1927,0.4681,0.1872,0.1386
48201340203,4.386683,4543,0.1931,0.0758,0.2251,0.1003,0.076
48201340301,1.374566,4048,0.0317,0.1306,0.3604,0.0136,0.0188
48201340302,1.329689,6701,0.2642,0.4246,0.1085,0.0107,0.0733
48201340400,0.612591,1409,0.0399,0.1278,0.0759,0.0171,0.006
48201340500,1.083815,6861,0.6101,0.2829,0.5838,0.6146,0.5591
48201340600,0.627567,2505,0.2042,0.2115,0.1322,0.0295,0.054
48201340700,1.234738,8147,0.3404,0.5658,0.5492,0.1826,0.3427
48201340800,1.114133,5968,0.184,0.204,0.3827,0.0121,0.0593
48201340900,1.533622,5036,0.5225,0.122,0.6033,0.3376,0.3871
48201341000,1.16805,7980,0.3024,0.2837,0.3156,0.2546,0.2442
48201341100,1.789158,4279,0.478,0.1708,0.6934,0.6524,0.5075
48201341201,3.084142,4029,0.7697,0.3863,0.6004,0.7312,0.6899
48201341202,1.326502,5047,0.2961,0.2105,0.1155,0.4871,0.2498
48201341301,4.478646,5229,0.5769,0.0688,0.4602,0.887,0.5282
48201341302,0.761667,2906,0.5078,0.1869,0.4723,0.7159,0.4835
48201341400,5.182764,5020,0.0332,0.2352,0.0832,0.372,0.1196
48201341501,1.456808,6674,0.123,0.159,0.0595,0.2651,0.1045
48201341502,1.147411,4382,0.0436,0.1069,0.0769,0.1444,0.0426
48201341600,7.34275,6451,0.2982,0.5717,0.2892,0.4167,0.3483
48201341700,1.017444,3268,0.3057,0.6575,0.1425,0.4963,0.3596
48201341800,1.693066,2061,0.3032,0.4834,0.232,0.5601,0.3648
48201342001,1.992196,6826,0.0311,0.1291,0.1984,0.0575,0.029
48201342002,1.41327,3542,0.1971,0.0368,0.2955,0.1153,0.0691
48201342100,1.717298,4212,0.3817,0.313,0.5241,0.2081,0.3141
48201342200,1.110783,3772,0.5446,0.697,0.6639,0.8935,0.7362
48201342300,1.079339,8271,0.7319,0.34,0.6867,0.7648,0.697
48201342400,1.287162,3358,0.4304,0.3082,0.5731,0.6846,0.5042
48201342500,2.473217,5641,0.3134,0.5468,0.0564,0.4535,0.3057
48201342700,1.334735,4863,0.4082,0.6077,0.0765,0.4636,0.3627
48201342800,2.8746,8972,0.1272,0.2187,0.2299,0.0142,0.0348
48201342900,2.29511,6231,0.5423,0.7629,0.3324,0.6996,0.5987
48201343000,2.216792,7070,0.489,0.3712,0.4541,0.7075,0.5253
48201343100,0.778295,4823,0.2687,0.6478,0.3191,0.1467,0.2561
48201343200,1.761955,5233,0.2272,0.1145,0.285,0.0119,0.0428
48201343301,4.446913,4948,0.3441,0.6466,0.4197,0.1268,0.3003
48201343302,1.742975,4978,0.2044,0.135,0.435,0.3601,0.2208
48201343600,20.920226,2969,0.5799,0.7251,0.3215,0.6875,0.6004
48201343700,15.574763,3268,0.6509,0.7613,0.5199,0.2628,0.5509
48201350100,7.717255,17237,0.3631,0.241,0.6526,0.2388,0.3333
48201350200,1.367953,8691,0.6024,0.2986,0.7366,0.1698,0.4426
48201350300,0.880891,6769,0.3232,0.1345,0.6404,0.0102,0.1214
48201350400,1.026383,6758,0.7371,0.6723,0.8072,0.6419,0.7584
48201350500,2.249855,7912,0.7807,0.4467,0.85,0.8322,0.8136
48201350601,5.140156,4702,0.1386,0.4635,0.2689,0.1189,0.1536
48201350602,1.236629,9660,0.2683,0.1808,0.4596,0.0737,0.1555
48201350700,0.553299,2490,0.2625,0.6198,0.1056,0.0088,0.0897
48201350801,0.721888,5582,0.4481,0.4317,0.496,0.2841,0.3948
48201350802,5.685869,8285,0.4901,0.354,0.6456,0.3484,0.4526
48201410100,0.465125,4499,0.3425,0.0536,0.461,0.3259,0.2273
48201410200,0.495228,5237,0.0276,0.013,0.3062,0.1728,0.0227
48201410300,0.393783,2874,0.0255,0.0684,0.1494,0.6781,0.1448
48201410401,0.3394,4050,0.0044,0.032,0.0245,0.0842,0.0015
48201410402,0.280592,2353,0.033,0.0479,0.1984,0.1957,0.047
48201410500,0.424879,4630,0.0424,0.0161,0.1653,0.4917,0.0637
48201410600,0.390554,4458,0.0109,0.0054,0.1723,0.6185,0.0536
48201410701,0.417909,4154,0.2543,0.0289,0.3097,0.7957,0.2611
48201410702,0.351595,2808,0.4285,0.0339,0.3726,0.761,0.3512
48201410800,0.397625,4215,0.1069,0.0358,0.271,0.1978,0.0659
48201410900,0.284993,2869,0.1276,0.0239,0.223,0.244,0.0618
48201411000,0.561184,5298,0.0297,0.0341,0.1718,0.5367,0.0935
48201411100,0.519445,3872,0.0532,0.3266,0.2175,0.2943,0.1503
48201411200,1.313765,1887,0.081,0.2126,0.0377,0.1232,0.0578
48201411300,0.549691,4041,0.058,0.0751,0.3235,0.37,0.1267
48201411400,0.668258,2711,0.0052,0.1425,0.1134,0.2521,0.0599
48201411501,0.589524,6828,0.0468,0.0105,0.1802,0.2467,0.0248
48201411502,0.707725,3792,0.0434,0.0178,0.3485,0.4874,0.0914
48201411600,0.526921,2426,0.0501,0.154,0.0469,0.0717,0.0284
48201411700,0.467474,3208,0.0345,0.0044,0.3192,0.1241,0.0109
48201411800,0.830786,5277,0.0562,0.0925,0.3695,0.2611,0.116
48201411900,0.6987,3173,0.0662,0.0465,0.0352,0.3384,0.0613
48201412000,0.577439,4058,0.0643,0.0804,0.0545,0.3785,0.0856
48201412100,0.46984,2768,-999,0.0006,0.294,-999,-999
48201412200,0.925149,5914,0.0867,0.1308,0.2433,0.6704,0.216
48201412300,0.919315,7021,0.0643,0.2346,0.1215,0.0073,0.014
48201412400,0.651897,4737,0.0002,0.3767,0.1611,0.0115,0.0125
48201412500,0.249669,1596,0.0451,0.1034,0.2846,0.1606,0.0735
48201412600,0.467761,3941,0.0086,0.1877,0.2026,0.0376,0.02
48201412700,0.794404,3547,0.0175,0.2967,0.4051,0.4627,0.2035
48201412800,0.786551,5261,0.0083,0.1469,0.2437,0.0173,0.0094
48201412900,0.783122,4078,0.1213,0.3105,0.5515,0.5559,0.3185
48201413000,0.618084,3921,0.009,0.2735,0.1934,0.2373,0.0975
48201413100,0.551275,3164,0.0819,0.1831,0.1138,0.0994,0.0561
48201413201,0.180557,2701,0.1512,0.0075,0.4271,0.3568,0.0904
48201413202,0.21749,3983,0.2082,0.0494,0.4916,0.395,0.2037
48201413300,1.220634,7779,0.1846,0.1766,0.4594,0.7015,0.3316
48201420100,0.448127,2934,0.5602,0.0638,0.7764,0.84,0.5797
48201420200,0.633075,2736,0.397,0.2164,0.7703,0.5688,0.4787
48201420300,0.925337,3794,0.2472,0.1754,0.1588,0.4003,0.2081
48201420400,0.950637,3647,0.3615,0.2095,0.3585,0.3046,0.2744
48201420500,0.902163,3925,0.9277,0.6332,0.9187,0.9653,0.9604
48201420600,0.465336,2283,0.1579,0.1358,0.5249,0.1118,0.1381
48201420700,0.878755,2998,0.09,0.3628,0.1163,0.0299,0.0445
48201420800,0.811316,2348,0.0165,0.2212,0.2971,0.0134,0.0198
48201420900,1.341833,7061,0.0307,0.118,0.2607,0.1611,0.0682
48201421000,0.718403,2925,0.0031,0.2975,0.2181,0.0106,0.0131
48201421101,0.484427,3228,0.4172,0.0383,0.802,0.7412,0.4591
48201421102,0.323928,5748,0.8304,0.2804,0.966,0.9741,0.9051
48201421201,0.176077,5433,0.7463,0.095,0.957,0.7101,0.6797
48201421202,0.217664,4968,0.833,0.4716,0.991,0.7673,0.8525
48201421300,0.573159,7775,0.8827,0.3572,0.9287,0.9655,0.9215
48201421401,0.11028,3942,0.9002,0.3641,0.9702,0.9925,0.9553
48201421402,0.062257,3801,0.8511,0.4662,0.9874,0.8799,0.9007
48201421403,0.25254,4131,0.8837,0.3986,0.9832,0.9956,0.9608
48201421500,0.589233,7875,0.7056,0.1004,0.929,0.9906,0.8199
48201421600,0.562512,7502,0.843,0.5135,0.9556,0.906,0.9078
48201421700,0.726831,4751,0.3053,0.4219,0.6802,0.4487,0.4347
48201421800,0.451728,4999,0.1188,0.0561,0.4992,0.3181,0.1559
48201421900,0.641797,2531,0.0543,0.5443,0.1176,0.1005,0.1016
48201422000,0.564632,2538,0.114,0.5966,0.3026,0.1661,0.1901
48201422100,0.926305,5400,0.483,0.3338,0.6612,0.2056,0.3973
48201422200,0.685132,5356,0.9491,0.8224,0.8269,0.7121,0.9153
48201422301,0.349768,8193,0.7974,0.3384,0.8806,0.9123,0.8393
48201422302,0.268108,1881,0.2742,0.2431,0.5966,0.263,0.2899
48201422401,0.32014,3911,0.6406,0.7876,0.8787,0.6589,0.7698
48201422402,0.525639,6612,0.6907,0.2364,0.8835,0.8801,0.7498
48201422500,0.71278,7118,0.6953,0.6621,0.7969,0.8064,0.7951
48201422600,0.874826,7929,0.6296,0.3645,0.7716,0.9824,0.8113
48201422701,0.709512,5717,0.7095,0.4447,0.8965,0.5805,0.7035
48201422702,0.496568,3082,0.6394,0.0885,0.6999,0.1748,0.3842
48201422800,0.888297,5015,0.9133,0.3599,0.8152,0.9557,0.9094
48201422900,0.623725,4335,0.8108,0.5794,0.8998,0.8922,0.8842
48201423000,0.688958,6116,0.9658,0.4823,0.9308,0.9835,0.9704
48201423100,0.631453,2523,0.8582,0.2628,0.9533,0.7612,0.808
48201423201,0.748798,3652,0.446,0.2825,0.7154,0.367,0.4445
48201423202,0.561549,8264,0.8718,0.4562,0.8707,0.8632,0.8723
48201423301,0.638627,4631,0.5176,0.2402,0.6479,0.7251,0.5632
48201423302,0.789725,5245,0.582,0.9301,0.6171,0.5381,0.6878
48201423401,0.873961,6077,0.535,0.8382,0.5713,0.9588,0.7938
48201423402,0.592309,4689,0.4448,0.507,0.8598,0.5135,0.5814
48201423500,0.47989,1993,0.5007,0.127,0.6524,0.0178,0.1889
48201423600,1.27452,7320,0.649,0.5288,0.6647,0.789,0.7049
48201430100,1.686674,5983,0.1155,0.284,0.1593,0.8721,0.3253
48201430200,0.276292,1558,0.0497,0.1222,0.3041,0.2383,0.1052
48201430300,1.994062,4814,0.0814,0.3038,0.0375,0.0096,0.0161
48201430400,2.132869,3398,0.0036,0.141,0.1632,0.0136,0.0035
48201430500,0.920995,2696,0.1554,0.3363,0.368,0.5091,0.2834
48201430600,1.448672,3966,0.0167,0.2316,0.3567,0.1485,0.0947
48201430700,0.720288,3911,0.2573,0.6993,0.5124,0.3865,0.403
48201430800,1.305753,5633,0.0397,0.1998,0.338,0.164,0.1031
48201430900,1.085413,5900,0.0683,0.2505,0.3196,0.1339,0.1094
48201431000,1.61185,5877,0.0585,0.1113,0.1844,0.4589,0.1379
48201431101,0.323478,3775,0.1338,0.0935,0.4876,0.212,0.1505
48201431102,0.361162,3923,0.3944,0.8259,0.4943,0.5939,0.5616
48201431201,0.255303,3869,0.3986,0.0653,0.5815,0.7403,0.4192
48201431202,0.510413,5441,0.4091,0.0707,0.3833,0.5745,0.3276
48201431301,0.292168,5820,0.1361,0.046,0.6586,0.3461,0.197
48201431302,0.514454,4255,0.0994,0.1532,0.0977,0.2024,0.0845
48201431401,0.140837,1745,0.2397,0.1235,0.3634,0.4542,0.2465
48201431402,0.27812,3470,0.1318,0.0234,0.249,0.1013,0.0328
48201431501,0.39913,4378,0.0269,0.38,0.1741,0.2975,0.1409
48201431502,0.426199,3433,0.0273,0.0791,0.0886,0.126,0.0275
48201431600,1.135561,2937,0.0061,0.2362,0.0555,0.3555,0.0912
48201431700,1.137929,4596,0.0737,0.2189,0.2636,0.1876,0.1144
48201431801,0.475337,3924,0.0288,0.0523,0.3296,0.3422,0.0962
48201431802,0.526796,4513,0.1591,0.0345,0.4751,0.6777,0.2306
48201431900,0.492221,4357,0.0443,0.0402,0.4095,0.7222,0.1935
48201432001,0.556303,4044,0.2109,0.0532,0.6385,0.4262,0.2454
48201432002,0.272219,4899,0.7066,0.0153,0.8279,0.6388,0.4985
48201432100,0.6191,6026,0.5417,0.1103,0.7527,0.9152,0.6334
48201432200,0.646564,4994,0.4799,0.0605,0.7504,0.4351,0.4009
48201432300,0.676465,7580,0.7035,0.177,0.8097,0.7174,0.6592
48201432400,0.70006,5739,0.5343,0.0446,0.7942,0.8038,0.5455
48201432500,0.641205,5501,0.7609,0.1509,0.8129,0.601,0.6398
48201432600,0.627052,2065,0.4068,0.1965,0.6764,0.8245,0.5463
48201432701,0.444016,6743,0.968,0.5039,0.9761,0.7807,0.918
48201432702,0.444543,4076,0.323,0.0259,0.6811,0.3238,0.2321
48201432801,0.87483,5059,0.7937,0.2048,0.9189,0.8181,0.7677
48201432802,0.500049,6234,0.953,0.7583,0.961,0.9988,0.9942
48201432901,0.565118,2702,0.6517,0.2789,0.8898,0.4604,0.6098
48201432902,0.581199,6353,0.8384,0.2685,0.9371,0.8751,0.8374
48201433001,0.492489,6087,0.9637,0.2233,0.9813,0.9762,0.943
48201433002,0.248428,3772,0.8119,0.0722,0.9958,0.9425,0.8097
48201433003,0.357171,6041,0.9378,0.4361,0.999,0.769,0.9013
48201433100,0.324367,4033,0.7864,0.4386,0.9985,0.9254,0.8977
48201433201,0.423287,5252,0.8515,0.48,0.8935,0.5814,0.7784
48201433202,0.44405,4788,0.7615,0.6928,0.8757,0.8556,0.8639
48201433300,0.935168,5069,0.4519,0.3852,0.7456,0.6658,0.5774
48201433400,0.629194,4785,0.8962,0.2664,0.913,0.5768,0.7544
48201433501,0.473307,5492,0.8618,0.3984,0.9864,0.7627,0.8483
48201433502,0.310278,8588,0.9964,0.5401,0.9753,0.9208,0.9716
48201433600,0.557877,6712,0.8858,0.4993,0.9451,0.9093,0.919
48201440100,2.11646,7115,0.7012,0.0871,0.8361,0.8112,0.6632
48201450100,0.319446,1903,0.0835,0.2028,0.2883,0.1306,0.1006
48201450200,1.044835,5244,0.0677,0.3961,0.2314,0.201,0.1438
48201450300,0.993186,8530,0.4759,0.4742,0.6327,0.2772,0.4462
48201450400,0.749905,4596,0.5794,0.3258,0.7404,0.461,0.5526
48201450500,1.111008,2968,0.0071,0.1772,0.1634,0.094,0.0359
48201450600,0.717559,4060,0.0885,0.2109,0.2492,0.3752,0.1676
48201450700,1.690762,6507,0.0048,0.379,0.0237,0.0953,0.0413
48201450801,0.348763,1615,0.3462,0.1908,0.3646,0.1916,0.2224
48201450802,0.662894,9035,0.6206,0.4637,0.7423,0.7788,0.6966
48201450900,0.626283,3035,0.0933,0.1594,0.4528,0.0646,0.0837
48201451001,0.509036,5495,0.6208,0.2367,0.6634,0.5751,0.5628
48201451002,0.231658,5567,0.6268,0.1431,0.5815,0.4504,0.4643
48201451100,0.922381,4001,0.3021,0.3289,0.3711,0.2045,0.2483
48201451200,0.65168,2731,0.0142,0.1346,0.1721,0.0242,0.0106
48201451300,1.190378,7223,0.2332,0.1724,0.4166,0.1201,0.1594
48201451401,0.418857,3342,0.3871,0.2463,0.4638,0.6647,0.4364
48201451402,0.525296,4748,0.3351,0.1052,0.6144,0.3133,0.2944
48201451403,0.455671,5163,0.0854,0.0163,0.605,0.2927,0.1046
48201451500,0.765625,4723,0.1453,0.0264,0.5325,0.4065,0.1569
48201451601,1.282599,7228,0.1767,0.8125,0.4267,0.5647,0.4301
48201451602,1.648597,9853,0.1497,0.0488,0.5377,0.4732,0.2083
48201451700,0.674682,3673,0.3443,0.112,0.6136,0.5202,0.3621
48201451800,1.828553,5792,0.6164,0.2678,0.8103,0.6848,0.6384
48201451901,0.80043,7527,0.5107,0.3137,0.7089,0.6286,0.5636
48201451902,0.794471,2484,0.3625,0.1356,0.653,0.0357,0.1719
48201452000,0.755661,8360,0.4218,0.0827,0.7253,0.4289,0.3881
48201452100,1.739572,10595,0.3855,0.4886,0.4264,0.9121,0.5874
48201452201,0.526184,5513,0.3865,0.0406,0.7479,0.8391,0.4693
48201452202,0.578116,3739,0.6126,0.1724,0.7257,0.5106,0.5365
48201452300,0.775596,2405,0.5698,0.3643,0.8734,0.4892,0.6031
48201452400,0.868129,8119,0.848,0.7068,0.9461,0.3574,0.7661
48201452500,1.223471,7927,0.9102,0.8947,0.9288,0.9436,0.9791
48201452600,1.0175,8907,0.93,0.5543,0.9128,0.7011,0.8675
48201452700,1.781849,13124,0.6525,0.5949,0.9021,0.7901,0.7826
48201452801,0.618242,5826,0.6519,0.5788,0.8889,0.3629,0.6421
48201452802,0.501373,7013,0.7751,0.4629,0.9564,0.788,0.8255
48201452900,0.507529,4626,0.9582,0.7022,0.9392,0.5323,0.8725
48201453000,1.057627,8200,0.7158,0.1867,0.9715,0.3681,0.6041
48201453100,0.855447,4550,0.925,0.7119,0.9023,0.6908,0.8923
48201453200,0.680514,8720,0.9194,0.5784,0.9352,0.9288,0.9418
48201453300,0.791271,3471,0.9804,0.6485,0.9241,0.6961,0.9147
48201453401,0.368081,3182,0.8175,0.6349,0.8353,0.6428,0.7986
48201453402,0.929333,8316,0.7565,0.4095,0.8686,0.6655,0.7373
48201453403,0.26405,4680,0.9348,0.5463,0.9602,0.8972,0.9322
48201453501,0.591205,6684,0.6728,0.2446,0.8653,0.8249,0.7145
48201453502,0.504608,3759,0.6978,0.5685,0.8162,0.4082,0.6561
48201453601,0.462308,2466,0.9363,0.6167,0.9202,0.4857,0.8262
48201453602,0.987916,8424,0.9075,0.7179,0.8891,0.6622,0.8735
48201453700,0.901077,9804,0.7283,0.3283,0.9195,0.7353,0.7398
48201453800,0.700278,4312,0.8401,0.7351,0.8588,0.7146,0.8537
48201453900,1.258511,11216,0.6538,0.1699,0.9583,0.5229,0.6162
48201454000,0.803457,5433,0.6329,0.2601,0.8298,0.0792,0.4126
48201454100,0.66899,3994,0.1869,0.2051,0.7284,0.3422,0.3041
48201454200,0.564755,4542,0.3571,0.2193,0.7205,0.0919,0.2654
48201454301,1.525559,12059,0.4727,0.5045,0.7672,0.6102,0.6012
48201454302,1.061945,6528,0.3963,0.2932,0.7029,0.0925,0.2999
48201454400,12.658349,924,0.0292,0.1513,0.6151,0.1899,0.1421
48201454501,4.407635,9322,0.0418,0.1301,0.2925,0.0353,0.0273
48201454502,2.901998,2597,0.1359,0.1572,0.3487,0.0211,0.0467
48201454600,1.29298,4898,0.0372,0.3413,0.5184,0.2987,0.2045
48201454700,1.324454,6851,0.1391,0.096,0.1796,0.062,0.0478
48201454800,1.132968,8191,0.3867,0.5671,0.3946,0.2574,0.3564
48201454900,1.791556,12169,0.2274,0.2584,0.5761,0.1815,0.236
48201455000,0.503565,2916,0.1963,0.1046,0.4212,0.3008,0.1905
48201455101,1.054868,7307,0.4773,0.1996,0.5947,0.3794,0.4028
48201455102,0.621842,2895,0.132,0.0452,0.4239,0.1694,0.0995
48201455200,1.077793,4517,0.279,0.4239,0.3294,0.1786,0.2389
48201455300,2.108783,8839,0.1267,0.1019,0.5212,0.7631,0.3143
48201510100,0.574753,2188,0.0796,0.017,0.403,0.8277,0.1922
48201510200,1.366276,6705,0.0906,0.0255,0.4233,0.451,0.1298
48201510300,0.918389,5043,0.0073,0.0831,0.087,0.2296,0.0424
48201510400,0.570888,3891,0.0754,0.0241,0.2309,0.3572,0.0716
48201510500,0.673416,3325,0.1391,0.0172,0.3104,0.338,0.0839
48201510600,0.804711,6203,0.02,0.0046,0.3298,0.0969,0.0054
48201510700,0.417733,4544,0.0127,0.0084,0.1436,0.2831,0.0173
48201510800,3.410957,7958,0.0119,0.0247,0.0914,0.6209,0.0745
48201510900,2.100185,7075,0.0806,0.01,0.4738,0.0996,0.0288
48201511001,0.881287,3246,0.1827,0.1371,0.3936,0.2503,0.1757
48201511002,0.811221,4261,0.0263,0.0762,0.2496,0.3163,0.0877
48201511100,0.724852,3506,0.0687,0.0377,0.5247,0.6094,0.1924
48201511200,0.806879,5225,0.0668,0.0218,0.158,0.0539,0.0069
48201511301,0.697992,3985,0.1781,0.1843,0.144,0.1199,0.0972
48201511302,0.613347,3863,0.0979,0.0238,0.1092,0.5538,0.0966
48201511400,0.442523,3190,0.1706,0.0554,0.3713,0.4111,0.174
48201511500,1.189444,8020,0.1389,0.0737,0.4619,0.2285,0.1404
48201511600,0.752689,3576,0.5557,0.1804,0.7592,0.583,0.5444
48201520100,1.139528,1917,0.1948,0.2283,0.4753,0.203,0.2053
48201520200,0.726778,3360,0.1462,0.1358,0.5503,0.2647,0.1941
48201520300,0.571493,5525,0.7695,0.1902,0.8053,0.9837,0.8328
48201520400,0.787872,3420,0.8217,0.4942,0.8699,0.9363,0.8929
48201520500,2.894068,9298,0.9042,0.4581,0.917,0.9783,0.9462
48201520601,0.758628,2781,0.9518,0.6284,0.9149,0.5797,0.8589
48201520602,0.520174,5987,0.8474,0.6629,0.9143,0.5408,0.8068
48201520700,0.759723,4072,0.3796,0.5532,0.5976,0.5118,0.4856
48201521000,0.455042,2426,0.8745,0.5763,0.8049,0.8197,0.8633
48201521100,0.230835,2291,0.8722,0.3925,0.9107,0.896,0.8838
48201521200,0.724759,5762,0.7544,0.3773,0.921,0.8638,0.8191
48201521300,1.125956,5696,0.7321,0.7278,0.8497,0.8744,0.8616
48201521400,0.586901,7554,0.9835,0.6541,0.9811,0.6282,0.9142
48201521500,0.785253,6036,0.6734,0.2902,0.824,0.661,0.6663
48201521600,2.577175,3498,0.8196,0.344,0.8481,0.2379,0.6142
48201521700,2.120167,6867,0.9058,0.2618,0.8952,0.6405,0.7728
48201521800,2.714866,5545,0.398,0.0351,0.8028,0.8158,0.4691
48201521900,1.472131,6705,0.4343,0.1337,0.6609,0.7205,0.4877
48201522000,0.774136,4713,0.3934,0.7667,0.723,0.8479,0.6866
48201522100,0.89002,7672,0.5293,0.6256,0.7712,0.9419,0.7771
48201522201,0.628912,4032,0.6695,0.886,0.8036,0.4433,0.7264
48201522202,0.682816,4085,0.8969,0.5507,0.8535,0.935,0.9236
48201522301,0.535086,4000,0.6672,0.5012,0.8034,0.8352,0.7632
48201522302,0.500107,3847,0.639,0.231,0.8363,0.6453,0.6331
48201522401,1.054741,5809,0.5003,0.4788,0.6452,0.4571,0.5238
48201522402,1.093492,3840,0.497,0.2421,0.7867,0.5419,0.5351
48201522500,1.488273,5112,0.0138,0.1881,0.0744,0.1166,0.0371
48201530100,1.002039,6550,0.7837,0.2306,0.9386,0.7146,0.7381
48201530200,1.364202,3679,0.2902,0.2113,0.447,0.7919,0.4228
48201530300,0.709002,2358,0.9396,0.7342,0.8917,0.9087,0.951
48201530400,0.614424,2954,0.9401,0.9052,0.948,0.9781,0.9917
48201530500,0.910606,5405,0.8252,0.9056,0.9524,0.991,0.986
48201530600,1.192142,3597,0.9071,0.7841,0.8307,1,0.9912
48201530700,1.076764,5601,0.8818,0.6139,0.9405,0.9887,0.9677
48201530800,1.777583,4350,0.6239,0.5679,0.8208,0.8811,0.7825
48201530900,0.7726,4396,0.4061,0.2348,0.6326,0.9215,0.595
48201531000,0.92133,3905,0.1282,0.158,0.3477,0.22,0.1442
48201531100,0.637492,3262,0.1125,0.1233,0.2598,0.0468,0.0455
48201531200,0.739358,3573,0.1547,0.0542,0.5453,0.2455,0.1548
48201531300,0.594879,6275,0.8188,0.5631,0.8007,0.8818,0.8573
48201531400,0.411269,2150,0.3677,0.4685,0.4686,0.4184,0.4032
48201531500,0.736578,3014,0.2921,0.2775,0.623,0.5231,0.4013
48201531600,0.909399,3153,0.0887,0.2459,0.5432,0.3806,0.232
48201531700,0.719184,3425,0.039,0.1829,0.1117,0.1849,0.0707
48201531800,1.253476,2366,0.8538,0.7485,0.8016,0.4594,0.7744
48201531900,1.673333,5077,0.7333,0.7539,0.8397,0.5045,0.7416
48201532001,0.749744,6327,0.7509,0.3266,0.8629,0.8824,0.7984
48201532002,0.246715,1284,0.1025,0.4091,0.574,0.1765,0.2147
48201532100,0.728294,7176,0.8373,0.557,0.8833,0.6568,0.8066
48201532200,0.718195,4083,0.9522,0.4177,0.939,0.6578,0.8491
48201532300,2.395651,7429,0.4489,0.2279,0.7829,0.554,0.5092
48201532400,1.795675,6824,0.2976,0.7372,0.7567,0.4602,0.5204
48201532501,1.856481,8663,0.6646,0.2523,0.8481,0.3098,0.5524
48201532502,1.04077,5336,0.7302,0.2477,0.8728,0.0788,0.4574
48201532600,1.033089,6534,0.7194,0.7951,0.9051,0.4301,0.7387
48201532700,1.01613,4934,0.6104,0.4371,0.7594,0.5129,0.6137
48201532800,0.512697,1951,0.6713,0.1414,0.821,0.353,0.5219
48201532900,0.658932,6684,0.8741,0.4392,0.9118,0.4794,0.7579
48201533000,0.683895,2422,0.9136,0.8569,0.8611,0.6819,0.9098
48201533100,1.345403,7864,0.7166,0.5623,0.7385,0.4316,0.649
48201533200,1.034282,3921,0.6172,0.5135,0.8585,0.3144,0.5937
48201533300,1.36609,6199,0.901,0.9132,0.8275,0.7976,0.9357
48201533400,2.642431,12175,0.9275,0.7663,0.9464,0.6171,0.8948
48201533500,1.031231,4357,0.6308,0.381,0.8422,0.2137,0.5288
48201533600,1.356669,5468,0.938,0.4059,0.951,0.8983,0.9194
48201533701,3.392084,5751,0.8542,0.6497,0.9818,0.54,0.828
48201533702,0.379444,3757,0.8457,0.1871,0.942,0.1989,0.5914
48201533801,3.271241,11051,0.7429,0.5681,0.9539,0.2969,0.6722
48201533802,2.136076,7441,0.6415,0.5397,0.9543,0.4709,0.6784
48201533901,1.118269,9749,0.7507,0.4647,0.9076,0.3088,0.6477
48201533902,0.747822,4761,0.9854,0.8039,0.9617,0.6869,0.9432
48201534001,1.461566,3462,0.8614,0.4306,0.9313,0.9889,0.9441
48201534002,1.258625,5991,0.6068,0.5915,0.8189,0.2271,0.5601
48201534003,0.504762,2897,0.7855,0.4675,0.9216,0.2394,0.6415
48201534100,4.862279,8510,0.7665,0.72,0.8439,0.7573,0.8335
48201534201,1.348732,3018,0.5438,0.191,0.8326,0.9499,0.7014
48201534202,1.776935,9378,0.2859,0.0678,0.5631,0.1565,0.1813
48201534203,1.630744,2226,0.7265,0.3185,0.7865,0.9825,0.8412
48201540100,8.600658,11422,0.1071,0.0944,0.5746,0.3056,0.183
48201540200,0.966992,2624,0.4116,0.0975,0.8491,0.4236,0.4211
48201540501,0.662765,6645,0.7574,0.3756,0.8686,0.3881,0.6486
48201540502,1.370604,5156,0.2944,0.3323,0.4485,0.0184,0.1319
48201540601,0.772758,4128,0.2228,0.0373,0.6389,0.1669,0.1557
48201540602,1.053047,7610,0.5222,0.4049,0.7846,0.6449,0.615
48201540700,2.992074,7201,0.2619,0.0981,0.6517,0.3791,0.2907
48201540800,3.685603,7219,0.587,0.2994,0.7793,0.4067,0.5432
48201540901,0.607594,2488,0.0447,0.0912,0.2542,0.0668,0.0355
48201540902,1.745762,6654,0.1098,0.0908,0.378,0.3129,0.1492
48201541001,2.053747,11518,0.407,0.3199,0.6394,0.3365,0.4069
48201541002,2.798597,8937,0.2071,0.5369,0.4526,0.3156,0.3086
48201541003,2.79091,14425,0.2295,0.1186,0.3187,0.0551,0.0881
48201541100,1.305939,7060,0.2892,0.1814,0.4327,0.0589,0.1465
48201541201,1.734003,9331,0.1412,0.2201,0.4105,0.1619,0.1546
48201541202,1.235867,8783,0.4984,0.2534,0.5465,0.7211,0.5267
48201541203,0.591242,2719,0.0205,0.0894,0.1052,0.0796,0.0209
48201541300,2.049002,12908,0.5534,0.4038,0.7565,0.3182,0.5154
48201541400,1.708531,16884,0.4277,0.208,0.7814,0.1843,0.3612
48201541500,1.186599,5513,0.5467,0.3955,0.6601,0.1253,0.3961
48201541601,1.763057,6198,0.3362,0.1638,0.4818,0.292,0.2725
48201541602,1.957035,10425,0.7597,0.4233,0.7563,0.6451,0.7081
48201541700,8.205103,10881,0.3164,0.1653,0.5128,0.2398,0.255
48201541800,1.943948,6636,0.6325,0.221,0.5836,0.4566,0.4988
48201541900,2.130905,7293,0.3644,0.1954,0.5847,0.3522,0.3418
48201542000,2.083663,16250,0.3324,0.1892,0.4231,0.0169,0.1087
48201542101,3.512877,24020,0.4734,0.543,0.7531,0.1769,0.4478
48201542102,2.449238,16596,0.4418,0.4208,0.6561,0.0692,0.3155
48201542200,9.192453,23196,0.45,0.4122,0.7777,0.1997,0.4316
48201542301,2.299812,13634,0.469,0.1199,0.6869,0.1295,0.297
48201542302,1.716015,8534,0.4611,0.121,0.6354,0.2459,0.3318
48201542400,2.217542,12874,0.5619,0.2852,0.7664,0.7949,0.6459
48201542500,1.673148,3039,0.0923,0.3792,0.0807,0.2899,0.1471
48201542600,1.764915,5773,0.1721,0.2228,0.4761,0.0767,0.1373
48201542700,1.853312,5142,0.4646,0.3229,0.58,0.5958,0.4935
48201542800,3.455457,8714,0.2134,0.2998,0.4499,0.3591,0.2727
48201542900,20.885198,20768,0.2771,0.2632,0.5677,0.2981,0.3026
48201543001,41.991189,14126,0.133,0.0826,0.4042,0.0209,0.0374
48201543002,13.153578,20582,0.1458,0.1925,0.3919,0.093,0.1162
48201543003,2.355038,22394,0.5249,0.339,0.7699,0.1554,0.4201
48201543100,49.175561,3633,0.3216,0.4924,0.6391,0.7796,0.5555
48201543200,15.554894,8175,0.4112,0.2101,0.6417,0.6108,0.4618
48201550100,1.347784,5456,0.8793,0.5629,0.9369,0.9952,0.9675
48201550200,0.967571,4414,0.8359,0.7952,0.8667,0.91,0.9284
48201550301,1.092765,7828,0.6434,0.6608,0.8235,0.732,0.7506
48201550302,3.427095,12258,0.7206,0.5861,0.7578,0.6225,0.7131
48201550401,3.852082,14904,0.7413,0.6468,0.863,0.798,0.8237
48201550402,1.820228,11568,0.5715,0.4624,0.8093,0.4775,0.6048
48201550500,1.6893,6443,0.693,0.4716,0.9051,0.7844,0.7738
48201550601,0.785877,7061,0.5878,0.3725,0.9218,0.1368,0.4791
48201550602,0.433468,3160,0.7561,0.3172,0.8864,0.0783,0.4916
48201550603,0.671512,6406,0.7296,0.3789,0.97,0.7865,0.7903
48201550700,2.340768,3892,0.6766,0.4106,0.8674,0.2294,0.5672
48201550800,0.768478,3669,0.8281,0.7177,0.9279,0.3698,0.7567
48201550900,1.229652,9779,0.7893,0.5587,0.8539,0.2768,0.6588
48201551000,0.42896,3908,0.934,0.2689,0.9109,0.0838,0.5799
48201551100,1.779734,10894,0.7741,0.6782,0.872,0.9002,0.8861
48201551200,1.378362,7718,0.4803,0.7975,0.6563,0.3923,0.5701
48201551300,0.76699,4434,0.3982,0.0768,0.767,0.3284,0.3475
48201551400,3.055854,5130,0.3282,0.2377,0.6714,0.3873,0.3765
48201551500,3.828041,8775,0.6154,0.4193,0.7959,0.4378,0.5991
48201551600,1.179958,9294,0.6018,0.2335,0.7337,0.8218,0.6513
48201551701,1.739005,8750,0.203,0.3264,0.5891,0.076,0.1878
48201551702,0.799827,3921,0.1029,0.1707,0.3761,0.0084,0.0323
48201551703,1.193585,8396,0.222,0.064,0.5444,0.1581,0.154
48201551800,2.324285,4385,0.0591,0.2017,0.2131,0.0702,0.0555
48201551900,0.691428,5758,0.5609,0.0571,0.6794,0.4765,0.4265
48201552001,1.704647,8572,0.3431,0.3647,0.4836,0.507,0.4023
48201552002,0.644819,1366,0.2664,0.1385,0.5021,0.1433,0.1866
48201552101,0.899224,4270,0.294,0.0939,0.5421,0.2722,0.2391
48201552102,1.222289,6629,0.3623,0.4984,0.4874,0.1028,0.2776
48201552103,0.602232,3309,0.2568,0.3884,0.4363,0.1845,0.2494
48201552200,3.85426,7798,0.5406,0.8131,0.5507,0.8045,0.6959
48201552301,1.650322,4220,0.2681,0.6482,0.1109,0.0625,0.1659
48201552302,1.400686,4450,0.2717,0.2197,0.5409,0.6766,0.3998
48201552400,2.360219,7709,0.4988,0.8054,0.5997,0.694,0.6546
48201552500,2.110742,11478,0.4882,0.6049,0.6905,0.385,0.5373
48201552601,1.124294,5959,0.6122,0.6326,0.6773,0.7165,0.6872
48201552602,2.013361,6964,0.2151,0.185,0.4099,0.534,0.2867
48201552700,1.918852,8620,0.2426,0.6041,0.5264,0.8471,0.5374
48201552800,2.48536,9371,0.1357,0.2342,0.1655,0.1688,0.1175
48201552900,1.873611,8878,0.3416,0.805,0.4143,0.1861,0.3658
48201553001,1.807364,5786,0.2178,0.1936,0.5884,0.5528,0.3404
48201553002,1.75791,4834,0.4867,0.5265,0.7666,0.2837,0.5004
48201553100,1.302648,6118,0.3439,0.7671,0.5589,0.8298,0.616
48201553200,1.632188,6452,0.5594,0.7845,0.6077,0.9536,0.7924
48201553300,0.535084,6377,0.7062,0.5305,0.7469,0.7804,0.7473
48201553401,1.390031,4206,0.1938,0.2452,0.1262,0.0414,0.0645
48201553402,2.077887,8702,0.2667,0.0665,0.3718,0.2064,0.1601
48201553403,2.554191,7491,0.1021,0.1465,0.5606,0.2116,0.168
48201553500,1.368532,6890,0.2579,0.2145,0.128,0.0255,0.0622
48201553600,1.857959,8097,0.2266,0.0887,0.3816,0.5868,0.2648
48201553700,1.213188,4242,0.4135,0.3176,0.5231,0.3675,0.3886
48201553801,1.42845,2863,0.099,0.2496,0.3659,0.2501,0.1682
48201553802,2.061099,8872,0.2986,0.4884,0.5367,0.5496,0.4368
48201553900,2.014527,8055,0.1735,0.4785,0.2466,0.1909,0.1957
48201554001,1.283799,3332,0.1311,0.8454,0.557,0.5878,0.453
48201554002,1.648769,4279,0.0363,0.2281,0.1337,0.0127,0.0134
48201554101,0.302763,1192,0.2192,0.2959,0.1737,0.0163,0.0584
48201554102,1.739127,9691,0.1913,0.2827,0.43,0.0458,0.1229
48201554200,2.713373,9310,0.2756,0.2555,0.5866,0.5101,0.3712
48201554301,2.112554,7536,0.1762,0.6254,0.0901,0.0226,0.0829
48201554302,2.284002,4946,0.0735,0.6181,0.2919,0.0658,0.126
48201554401,5.699006,15270,0.0685,0.2061,0.2127,0.2239,0.1133
48201554402,5.461729,16708,0.0626,0.1578,0.2779,0.1836,0.0987
48201554403,4.14598,13195,0.1374,0.497,0.4353,0.0708,0.1621
48201554501,4.749764,6170,0.1635,0.2059,0.3502,0.0389,0.0778
48201554502,1.784731,6474,0.0334,0.2076,0.0658,0.027,0.0142
48201554600,1.406846,4486,0.1558,0.1477,0.0553,0.0637,0.0459
48201554700,1.77449,8339,0.0942,0.1708,0.0909,0.1111,0.0574
48201554801,5.512739,17427,0.4093,0.155,0.5314,0.5352,0.3936
48201554802,12.92574,20804,0.1909,0.2982,0.2749,0.3215,0.2164
48201554901,3.356206,10411,0.3397,0.5166,0.5681,0.3777,0.4117
48201554902,4.851437,8181,0.0789,0.2517,0.3037,0.3265,0.1703
48201554903,5.095851,13135,0.1341,0.3497,0.3248,0.0056,0.0522
48201555000,2.142842,8401,0.5172,0.6539,0.2353,0.0276,0.2337
48201555100,2.905843,10747,0.232,0.2465,0.5337,0.1324,0.206
48201555200,7.21161,10902,0.1508,0.3178,0.5713,0.4512,0.3078
48201555301,2.441105,1147,0.0219,0.1676,0.0274,0.2872,0.0701
48201555302,7.48045,18295,0.0785,0.2415,0.2793,0.2173,0.1346
48201555303,8.083416,9612,0.1819,0.2641,0.2284,0.3739,0.2118
48201555401,5.168948,2544,0.2552,0.3903,0.3726,0.4117,0.3159
48201555402,5.423014,7793,0.5565,0.8682,0.4252,0.8947,0.727
48201555501,15.848189,5092,0.3575,0.4294,0.5352,0.741,0.5109
48201555502,13.394997,25623,0.2099,0.1285,0.3183,0.1774,0.145
48201555600,20.955644,6362,0.2215,0.3153,0.4455,0.4638,0.312
48201555701,4.128087,8950,0.0357,0.1232,0.2668,0.1329,0.0636
48201555702,4.499649,15762,0.0902,0.1067,0.3168,0.0846,0.0634
48201556000,51.237223,7265,0.5485,0.6238,0.6693,0.8628,0.7103
48201980000,2.167823,3,-999,0.059,0,0.0823,-999
48201980100,12.296335,570,0.6225,0.4809,0.6568,0.2037,0.486
48291700100,19.876731,4079,0.8058,0.8665,0.5691,0.6115,0.7684
48291700200,6.290084,3237,0.6868,0.6353,0.2693,0.9566,0.7272
48291700300,77.387922,10911,0.7741,0.9485,0.4705,0.9367,0.8919
48291700400,139.737344,7629,0.5694,0.8596,0.1016,0.464,0.5048
48291700500,107.481664,2851,0.7127,0.8799,0.1922,0.2904,0.5457
48291700600,121.132346,2589,0.7778,0.8016,0.3539,0.3209,0.6016
48291700700,50.87825,2233,0.4017,0.7403,0.0337,0.4025,0.3585
48291700800,40.314306,8778,0.4045,0.4696,0.1938,0.85,0.4977
48291700900,64.648549,8352,0.7185,0.0559,0.3303,0.5665,0.4305
48291701000,70.624413,7568,0.7091,0.3059,0.5935,0.4959,0.5737
48291701100,72.629556,6096,0.574,0.6625,0.1517,0.3758,0.4399
48291701200,58.441886,6401,0.6394,0.7631,0.4063,0.8417,0.7031
48291701300,136.959875,3065,0.5646,0.8414,0.0587,0.7036,0.5641
48291701400,191.981996,8073,0.512,0.6033,0.5417,0.8577,0.6596
48339690100,22.232144,10794,0.4918,0.4413,0.2988,0.1677,0.317
48339690201,21.927945,11368,0.2113,0.4135,0.1119,0.4038,0.235
48339690202,15.434158,8938,0.4704,0.5267,0.2577,0.5515,0.4495
48339690300,15.629481,5607,0.7452,0.9713,0.5868,0.5321,0.774
48339690401,15.782566,7508,0.2836,0.2842,0.2355,0.1575,0.1847
48339690402,32.016578,17706,0.2487,0.5315,0.3449,0.5741,0.3848
48339690500,14.724392,11660,0.0464,0.3009,0.0603,0.3781,0.1344
48339690601,8.453238,20335,0.181,0.2542,0.0549,0.5534,0.2185
48339690602,11.509786,25429,0.0439,0.222,0.2691,0.2262,0.1177
48339690700,5.840953,10751,0.0981,0.3051,0.1442,0.5131,0.2062
48339690800,1.907603,4239,0.0723,0.0705,0.0805,0.1134,0.0315
48339690900,1.853349,4385,0.0058,0.1128,0.0618,0.0368,0.005
48339691000,1.73446,3984,0.11,0.1245,0.0461,0.0155,0.0096
48339691100,0.914259,4229,0.0173,0.5386,0.1245,0.0612,0.0643
48339691200,2.299076,7398,0.0773,0.3225,0.1607,0.5891,0.2206
48339691301,2.181872,4563,0.052,0.1502,0.0771,0.0031,0.0031
48339691302,1.619701,5700,0.1892,0.5363,0.3632,0.8036,0.437
48339691400,5.723456,9176,0.1602,0.1063,0.2513,0.3326,0.1561
48339691500,1.697323,4342,0.0958,0.1942,0.2948,0.4771,0.2005
48339691601,1.395704,3844,0.2593,0.2854,0.2412,0.5018,0.2886
48339691602,1.094062,5535,0.5095,0.4292,0.5407,0.4028,0.4666
48339691700,2.14612,2876,0.001,0.0425,0.0954,0.713,0.105
48339691800,2.742296,9646,0.2951,0.4526,0.5668,0.7972,0.5182
48339691900,3.255809,6684,0.1687,0.2492,0.4017,0.6399,0.313
48339692001,16.363278,35086,0.1481,0.317,0.3168,0.0752,0.1189
48339692002,25.419379,13949,0.0081,0.1597,0.2156,0.1397,0.0538
48339692100,14.825352,15009,0.2604,0.3201,0.4824,0.334,0.3034
48339692200,41.845599,8888,0.6655,0.9008,0.2965,0.5519,0.64
48339692300,21.966375,19479,0.2063,0.1454,0.4981,0.7748,0.3654
48339692400,6.577521,10658,0.2358,0.4396,0.1892,0.8768,0.4288
48339692500,16.832055,9584,0.7929,0.5551,0.4939,0.7938,0.7258
48339692601,5.358414,4988,0.8298,0.5478,0.6597,0.957,0.8696
48339692602,23.034266,13681,0.7891,0.7617,0.5805,0.9325,0.8562
48339692700,33.899544,7986,0.5765,0.5725,0.3906,0.4972,0.5227
48339692801,17.001983,9502,0.5153,0.6051,0.3103,0.6516,0.5319
48339692802,15.068944,7285,0.7632,0.5505,0.6651,0.695,0.7231
48339692900,29.031057,5611,0.6074,0.388,0.3143,0.6697,0.5348
48339693000,45.333537,10713,0.7214,0.619,0.5671,0.6866,0.6901
48339693101,1.776881,6371,0.7169,0.6305,0.8321,0.9492,0.875
48339693102,5.357881,5073,0.5818,0.5625,0.7311,0.5835,0.6358
48339693200,9.75214,8370,0.1244,0.295,0.2538,0.4055,0.2089
48339693300,9.76813,7879,0.2383,0.1264,0.3187,0.8567,0.3642
48339693400,1.032091,4215,0.9572,0.779,0.8259,0.9072,0.9545
48339693500,1.967795,5872,0.6112,0.3243,0.5203,0.9428,0.6824
48339693600,2.473385,3829,0.3003,0.7035,0.4193,0.9018,0.5828
48339693700,13.453525,11773,0.1142,0.2651,0.1226,0.6879,0.2419
48339693800,5.2477,4791,0.7235,0.4725,0.6069,0.8761,0.7433
48339693900,15.5785,13140,0.6609,0.4484,0.7261,0.9708,0.8155
48339694000,48.350744,11680,0.6924,0.5869,0.355,0.3211,0.5098
48339694101,59.214067,12667,0.5358,0.4664,0.5451,0.8425,0.6365
48339694102,15.438823,5304,0.4573,0.9228,0.4648,0.2555,0.5013
48339694201,26.36867,7430,0.3629,0.4947,0.3607,0.5582,0.4255
48339694202,15.061603,12493,0.1915,0.3603,0.0606,0.3332,0.1884
48339694301,12.310699,13703,0.1219,0.3036,0.0497,0.2442,0.1275
48339694302,4.225757,8251,0.1643,0.3658,0.0189,0.0403,0.0553
48339694400,22.218239,9160,0.4782,0.5026,0.4105,0.6812,0.5311
48339694500,59.140736,11995,0.081,0.2563,0.1041,0.1456,0.0833
48339694600,88.346855,8327,0.3143,0.3402,0.2081,0.8882,0.4491
48339694700,118.864346,3006,0.2564,0.3202,0.0178,0.2354,0.1674
48473680100,24.142627,6196,0.3182,0.2605,0.5027,0.2657,0.2905
48473680200,150.273783,9625,0.6446,0.4518,0.7125,0.8605,0.7285
48473680300,106.982386,10183,0.526,0.6317,0.5396,0.8442,0.6638
48473680400,1.918963,4010,0.6621,0.0015,0.531,0.0813,0.1575
48473680500,150.353336,11284,0.7239,0.6633,0.645,0.9578,0.8437
48473680600,79.665201,8689,0.3679,0.2032,0.2953,0.5335,0.332
