OBJECTID,COUSUBNS,GEOID,NAMELSAD,CLASSFP,ALAND,AWATER,INTPTLAT,INTPTLON
1,1938605,4800190650,Cayuga CCD,Z5,279515087,5389617,31.9345624,-95.9599907
2,1938719,4800191205,Elkhart CCD,Z5,617466407,5935513,31.6232277,-95.5131055
3,1938755,4800191390,Frankston CCD,Z5,483306613,7864313,31.9714795,-95.5524385
4,1939004,4800192615,Montalba-Tennessee Colony CCD,Z5,579379016,10404133,31.8907621,-95.8034027
5,1939070,4800192945,Palestine CCD,Z5,792497705,10251470,31.7623956,-95.6074474
6,1938492,4800390085,Andrews North CCD,Z5,2634306099,30529,32.3602551,-102.7105231
7,1938493,4800390090,Andrews South CCD,Z5,1252544160,926510,32.176548,-102.4688186
8,1938687,4800591045,Diboll CCD,Z5,307985060,4087576,31.1748608,-94.7388521
9,1938852,4800591855,Huntington CCD,Z5,643731301,59483598,31.2496168,-94.5378742
10,1938946,4800592325,Lufkin CCD,Z5,305761947,5774903,31.3437681,-94.7211733
11,1939099,4800593090,Pollok CCD,Z5,409867528,5095281,31.4160643,-94.8716428
12,1939345,4800594315,Zavalla CCD,Z5,399114976,98858733,31.1390364,-94.3552215
13,1938761,4800791420,Fulton CCD,Z5,474835364,627606057,28.1226209,-96.9675012
14,1939140,4800793295,Rockport CCD,Z5,178021416,86932144,27.9930355,-97.1249663
15,1938501,4800990130,Archer City CCD,Z5,842214314,12206880,33.5235591,-98.5875742
16,1938844,4800991815,Holliday CCD,Z5,1497293851,45560835,33.669989,-98.7466518
17,1938626,4801190740,Claude North CCD,Z5,835891265,1974227,35.0962089,-101.3731648
18,1938627,4801190745,Claude South CCD,Z5,1518726320,10209445,34.8867999,-101.3674512
19,1938594,4801390595,Campbellton CCD,Z5,515117814,1111212,28.7867206,-98.2576836
20,1938617,4801390695,Charlotte CCD,Z5,693240229,661366,28.8323569,-98.7197766
21,1938872,4801391955,Jourdanton CCD,Z5,812279141,2399069,28.8045536,-98.5227983
22,1939095,4801393070,Pleasanton CCD,Z5,567427775,500223,28.9787233,-98.4315129
23,1939105,4801393120,Poteet CCD,Z5,570531657,323841,29.1071346,-98.6688544
24,1938525,4801590250,Bellville CCD,Z5,496311726,8998961,29.9869813,-96.2387129
25,1939315,4801591873,Industry CCD,Z5,492258783,4987939,29.9608477,-96.4470209
26,1939180,4801593490,Sealy CCD,Z5,510381274,9351726,29.7904353,-96.2055667
27,1939296,4801594070,Wallis CCD,Z5,175464097,2257588,29.6617125,-96.1047804
28,1939018,4801792685,Muleshoe CCD,Z5,875403737,215547,34.2110997,-102.8330460
29,1939216,4801793670,South Sand Hills CCD,Z5,1266443450,1559728,33.9614818,-102.8126317
30,1938514,4801990195,Bandera CCD,Z5,815729631,14270630,29.7105034,-99.0150803
31,1938981,4801992500,Medina CCD,Z5,1232934256,3020792,29.7598376,-99.3924167
32,1938517,4802190210,Bastrop CCD,Z5,553621003,7154523,30.1756504,-97.2201437
33,1938609,4802190655,Cedar Creek-Red Rock CCD,Z5,663356761,3939477,30.0510276,-97.4496650
34,1938718,4802191200,Elgin CCD,Z5,428863531,2867445,30.2952288,-97.3483187
35,1939202,4802193600,Smithville CCD,Z5,654658754,5048339,29.9734654,-97.2290739
36,1939188,4802393525,Seymour CCD,Z5,110423000,956029,33.5837254,-99.2498061
37,1939189,4802393535,Seymour Rural CCD,Z5,2136341583,86035006,33.7266167,-99.0217819
38,1938523,4802590240,Beeville CCD,Z5,1263873618,70131,28.4270428,-97.6847383
39,1939086,4802593025,Pettus-Pawnee CCD,Z5,601830008,112713,28.6008029,-97.8966278
40,1939199,4802593585,Skidmore CCD,Z5,414105861,63565,28.2168515,-97.6797756
41,1938526,4802790255,Belton CCD,Z5,108230783,5187431,31.0481201,-97.4702914
42,1938700,4802791110,East Bell CCD,Z5,366326668,2476468,31.1254902,-97.2313392
43,1938750,4802791365,Fort Hood CCD,Z5,251104344,805125,31.1376057,-97.6690787
44,1938887,4802792030,Killeen CCD,Z5,267191247,24236371,31.0785761,-97.6539440
45,1939048,4802792835,Northwest Bell CCD,Z5,207572040,37589327,31.2155155,-97.4654316
46,1939143,4802793310,Rogers CCD,Z5,383914149,4915726,30.9045112,-97.2971498
47,1939208,4802793630,South Bell CCD,Z5,530957349,13789658,30.9144037,-97.5266556
48,1939218,4802793680,Southwest Bell CCD,Z5,257654685,2862224,31.0002918,-97.7953968
49,1939253,4802793855,Temple CCD,Z5,356458519,2521726,31.080936,-97.3495073
50,2628567,4802993407,San Antonio Central CCD,Z5,467575188,2215760,29.4149458,-98.5113883
51,2628568,4802993408,San Antonio East CCD,Z5,489462444,23559107,29.3662338,-98.2947227
52,2628569,4802993409,San Antonio North CCD,Z5,570482746,1397869,29.6442854,-98.5006399
53,2628570,4802993411,San Antonio Northeast CCD,Z5,260929376,2104913,29.5179199,-98.3301422
54,2628571,4802993412,San Antonio Northwest CCD,Z5,489829034,879353,29.5969375,-98.6992886
55,2628572,4802993413,San Antonio South CCD,Z5,542881146,7620687,29.2295941,-98.5304042
56,2628573,4802993414,San Antonio West CCD,Z5,391253289,3024495,29.3931701,-98.7414401
57,1938541,4803190330,Blanco CCD,Z5,552753807,1730397,30.1024143,-98.3966856
58,1938871,4803191950,Johnson City CCD,Z5,1284199929,9082764,30.3348318,-98.3963962
59,1938762,4803391425,Gail North CCD,Z5,756704783,1561169,32.8959533,-101.4982457
60,1938763,4803391430,Gail South CCD,Z5,1567661289,20736437,32.6782901,-101.4240670
61,1938630,4803590760,Clifton CCD,Z5,563485230,11760221,31.8117025,-97.4863795
62,1938656,4803590890,Cranfills Gap CCD,Z5,286898460,2119271,31.7746227,-97.7560112
63,1938859,4803591890,Iredell CCD,Z5,364556990,4513210,31.9446072,-97.8814148
64,1938987,4803592530,Meridian CCD,Z5,1048833336,30111452,32.0065263,-97.6427901
65,1939280,4803593990,Valley Mills CCD,Z5,282134113,2161962,31.6626113,-97.5404298
66,1938668,4803790950,Dalby Springs-Simms CCD,Z5,428471995,3190967,33.3515555,-94.5970525
67,1938674,4803790980,De Kalb CCD,Z5,599929849,10880486,33.5838563,-94.6344708
68,1938847,4803791830,Hooks CCD,Z5,310958827,6056587,33.476741,-94.2903086
69,1938976,4803792476,Maud-Redwater CCD,Z5,378601450,68701662,33.3396323,-94.2820207
70,1939026,4803792725,New Boston CCD,Z5,256077750,3120639,33.4781144,-94.4533716
71,1939257,4803793875,Texarkana CCD,Z5,317929248,6448147,33.4715676,-94.1229593
72,1938486,4803990055,Alvin-Pearland CCD,Z5,1063636509,70917429,29.3504557,-95.2651951
73,1938494,4803990094,Angleton CCD,Z5,807295493,37937454,29.2401808,-95.4889289
74,1938557,4803990410,Brazoria-West Columbia CCD,Z5,1211030513,117009148,29.0755364,-95.6434597
75,1938558,4803990415,Brazosport CCD,Z5,449036751,409572616,29.0155186,-95.2825364
76,1938574,4804190495,Bryan-College Station CCD,Z5,81308842,179498,30.6458882,-96.3470057
77,1939039,4804192790,Northeast Brazos CCD,Z5,664913197,4576538,30.7879855,-96.2815096
78,1939209,4804193635,South Brazos CCD,Z5,530798580,4237515,30.512442,-96.2477136
79,1939312,4804194150,West Brazos CCD,Z5,241070318,4216703,30.6624228,-96.4763999
80,1938483,4804390040,Alpine CCD,Z5,9043661624,9780950,29.6177838,-103.4706433
81,1938959,4804392390,Marathon CCD,Z5,6972209624,12281568,30.0285986,-103.0146057
82,1939116,4804593175,Quitaque CCD,Z5,861670952,1318553,34.4413683,-100.9993389
83,1939197,4804593575,Silverton CCD,Z5,1469320121,2750104,34.529239,-101.2857847
84,1938727,4804791245,Encino CCD,Z5,1939260307,303284,26.9784359,-98.2229432
85,1938733,4804791280,Falfurrias CCD,Z5,504016707,438343,27.218891,-98.2431204
86,1938515,4804990200,Bangs CCD,Z5,582334758,22305421,31.7897861,-99.1115934
87,1938542,4804990335,Blanket CCD,Z5,484863772,1304843,31.7413525,-98.8472639
88,1938572,4804990485,Brownwood CCD,Z5,764092052,2744776,31.6088836,-99.0157863
89,1938978,4804992485,May CCD,Z5,614829664,6020484,31.9722689,-98.9991512
90,1938589,4805190570,Caldwell CCD,Z5,673528586,7826195,30.5326884,-96.7615848
91,1938643,4805190825,Cooks Point CCD,Z5,254952232,3614063,30.6293963,-96.6280153
92,1939059,4805192890,Old River CCD,Z5,538489365,8647311,30.4627961,-96.4513889
93,1939204,4805193610,Somerville CCD,Z5,240045526,25955667,30.3579351,-96.6081980
94,1938530,4805390275,Bertram CCD,Z5,211352225,509398,30.7483472,-98.0417334
95,1938565,4805390450,Briggs CCD,Z5,583852112,2225566,30.9346724,-98.0009611
96,1938584,4805390545,Burnet CCD,Z5,1183865438,41278758,30.8399436,-98.2649456
97,1938960,4805392395,Marble Falls CCD,Z5,597456090,25842414,30.5612174,-98.2493812
98,1938930,4805592245,Lockhart CCD,Z5,651426634,2020237,29.9104988,-97.6233928
99,1938947,4805592330,Luling CCD,Z5,527262269,1291049,29.7544369,-97.5288158
100,1938969,4805592440,Martindale CCD,Z5,231665128,1634902,29.8316191,-97.7886427
101,1938876,4805791975,Kamey-Sixmile CCD,Z5,185928467,5502288,28.6145278,-96.7401614
102,1939098,4805793085,Point Comfort CCD,Z5,142791330,335677402,28.6371664,-96.4564313
103,1939102,4805793105,Port Lavaca CCD,Z5,251543510,68982885,28.5627461,-96.6098833
104,1939178,4805793480,Seadrift CCD,Z5,732697467,951468426,28.3529947,-96.6447735
105,1938511,4805990180,Baird CCD,Z5,840470995,1705312,32.3876139,-99.2836099
106,1938631,4805990765,Clyde CCD,Z5,877889452,2227033,32.3011068,-99.5224739
107,1938660,4805990910,Cross Plains CCD,Z5,611002795,966438,32.1764437,-99.2500968
108,1938571,4806190480,Brownsville CCD,Z5,349243104,15954571,25.9648763,-97.5121795
109,1938701,4806191115,East Cameron CCD,Z5,442579514,836215360,26.1503878,-97.2978489
110,1938825,4806191720,Harlingen-San Benito CCD,Z5,826872704,18223935,26.1883773,-97.7323124
111,1938940,4806192295,Los Fresnos-Laureles CCD,Z5,325357433,13528141,26.1029227,-97.4789584
112,1939130,4806193245,Rio Hondo CCD,Z5,365466246,112496652,26.2713946,-97.4414470
113,1938915,4806392170,Leesburg-Newsome CCD,Z5,110231103,5838882,32.9718543,-95.1119354
114,1939091,4806393050,Pittsburg CCD,Z5,397011261,13290493,32.9726018,-94.9455176
115,1939074,4806592965,Panhandle CCD,Z5,1396566890,4818067,35.4058127,-101.4606596
116,1939321,4806594195,White Deer-Groom CCD,Z5,986830337,5208537,35.4005703,-101.1944209
117,1938507,4806790160,Atlanta CCD,Z5,499773714,29686923,33.1763555,-94.1289321
118,1938539,4806790320,Bivins-McLeod CCD,Z5,286232291,902835,32.981902,-94.1422009
119,1938851,4806791850,Hughes Springs-Avinger CCD,Z5,360836792,2559430,32.9855339,-94.5751018
120,1938924,4806792215,Linden CCD,Z5,705649648,2492577,32.9856172,-94.3504148
121,1938962,4806792405,Marietta-Douglassville CCD,Z5,574191048,24852383,33.1860342,-94.4665979
122,1938690,4806991059,Dimmitt CCD,Z5,1183278711,6140953,34.6282239,-102.2579652
123,1938691,4806991732,Hart CCD,Z5,1133321682,6416461,34.4210182,-102.2562049
124,1938490,4807190075,Anahuac CCD,Z5,860216110,655641153,29.6720766,-94.6952578
125,1939005,4807192620,Mont Belvieu CCD,Z5,307460923,40894007,29.781705,-94.8433645
126,1939331,4807194245,Winnie-Stowell CCD,Z5,378748507,13300984,29.7516267,-94.4207155
127,1938484,4807390045,Alto CCD,Z5,486888163,1599917,31.5973127,-95.0840369
128,1938863,4807391910,Jacksonville CCD,Z5,465068712,6109089,31.9624062,-95.3042099
129,1939015,4807392670,Mount Selman CCD,Z5,243972789,7942079,32.0885442,-95.2914109
130,1939030,4807392745,New Summerfield CCD,Z5,451545809,6528018,32.0138829,-95.0659998
131,1939156,4807393370,Rusk CCD,Z5,841939018,1367774,31.7969637,-95.1931851
132,1939309,4807394135,Wells CCD,Z5,237727235,326124,31.493614,-95.0032892
133,1938618,4807590700,Childress CCD,Z5,1026499586,29795488,34.4360735,-100.2044841
134,1939047,4807592777,North Childress CCD,Z5,777455040,14765167,34.6551833,-100.2138749
135,1938524,4807790245,Bellevue-Joy CCD,Z5,1023637789,12312662,33.5883627,-98.1801246
136,1938587,4807790560,Byers-Petrolia CCD,Z5,714631506,4086436,34.0289741,-98.2215497
137,1938837,4807791780,Henrietta CCD,Z5,1081602563,56107762,33.8040645,-98.2410671
138,1939011,4807992650,Morton CCD,Z5,1462566457,229068,33.632375,-102.8758920
139,1939322,4807994200,Whiteface CCD,Z5,544887373,0,33.5075915,-102.7074660
140,1938567,4808190460,Bronte CCD,Z5,902315267,11671032,31.9177569,-100.3602357
141,1939134,4808193265,Robert Lee CCD,Z5,1458837931,30660800,31.8771104,-100.6352305
142,1938634,4808390780,Coleman CCD,Z5,803996165,2915967,31.9142052,-99.3466223
143,1939054,4808392865,Novice CCD,Z5,616151238,9375953,31.9724919,-99.5761875
144,1939172,4808393450,Santa Anna CCD,Z5,884824294,4374173,31.6236699,-99.3216018
145,1939248,4808393830,Talpa CCD,Z5,965961527,31297250,31.6624943,-99.5994714
146,1938495,4808590100,Anna CCD,Z5,340518021,4599250,33.3263792,-96.5808106
147,1938545,4808590350,Blue Ridge CCD,Z5,319677921,3359662,33.2938686,-96.3962069
148,1938611,4808590665,Celina CCD,Z5,287525891,3725642,33.3015372,-96.7577890
149,1938736,4808591295,Farmersville CCD,Z5,199585271,29826199,33.1421004,-96.3736758
150,1938953,4808592360,McKinney CCD,Z5,254069155,1888833,33.1726552,-96.7272196
151,1939025,4808592720,Nevada CCD,Z5,152156181,15277924,33.0280851,-96.3874836
152,1939094,4808593065,Plano CCD,Z5,493821727,19560754,33.0597936,-96.6615259
153,1939111,4808593150,Princeton CCD,Z5,131484980,37312464,33.154759,-96.5031970
154,1939162,4808793400,Samnorwood CCD,Z5,1147699950,428322,35.0739873,-100.2468346
155,1939308,4808794130,Wellington CCD,Z5,1231049978,1850872,34.8745551,-100.2843406
156,1938638,4808990800,Columbus CCD,Z5,760548212,8601877,29.7728806,-96.5290507
157,1938697,4808991095,Eagle Lake CCD,Z5,497772540,12912270,29.6214401,-96.3500157
158,1938771,4808991470,Garwood CCD,Z5,671658460,10189180,29.4485607,-96.5196656
159,1939306,4808994120,Weimar CCD,Z5,557163501,2987841,29.6226197,-96.7027351
160,1938639,4809190627,Canyon Lake CCD,Z5,858445137,36091295,29.8525121,-98.3259528
161,1939027,4809192730,New Braunfels CCD,Z5,590725924,3675658,29.7588173,-98.1910676
162,1938640,4809390810,Comanche CCD,Z5,1084775312,7187874,31.9169411,-98.6637063
163,1938675,4809390985,De Leon CCD,Z5,628434688,15815194,32.110318,-98.5976725
164,1938814,4809391665,Gustine CCD,Z5,715558926,2716417,31.8550383,-98.3741211
165,1938710,4809591160,Eden-Millersview CCD,Z5,1876539895,24442335,31.2748106,-99.8239970
166,1938729,4809591255,Eola-Paint Rock CCD,Z5,671374110,1297690,31.4776563,-99.9657071
167,1938591,4809790580,Callisburg CCD,Z5,564591305,5933144,33.7657734,-97.0719251
168,1938764,4809791435,Gainesville CCD,Z5,79427440,140265,33.6392612,-97.1472680
169,1938765,4809791440,Gainesville Southeast CCD,Z5,281459566,38959858,33.5129592,-97.0162459
170,1939017,4809792680,Muenster CCD,Z5,628073094,5797336,33.7366472,-97.3545420
171,1939281,4809793995,Valley View CCD,Z5,712238480,10488724,33.5090619,-97.2943810
172,1938647,4809990845,Copperas Cove CCD,Z5,115996028,48709,31.1763459,-97.9558116
173,1938731,4809991270,Evant CCD,Z5,490617799,29429,31.3743019,-98.0194729
174,1938740,4809991315,Flat CCD,Z5,149096067,6100781,31.3125095,-97.5699494
175,1938751,4809991370,Fort Hood CCD,Z5,611381299,299284,31.2491834,-97.7630987
176,1938773,4809991480,Gatesville CCD,Z5,268933936,198184,31.4327695,-97.7015028
177,1939058,4809992885,Oglesby CCD,Z5,320428441,4867321,31.4441495,-97.5618929
178,1939037,4809993157,Purmela-Levita CCD,Z5,418597439,171022,31.4652434,-97.9120803
179,1939275,4809993965,Turnersville CCD,Z5,350257510,118914,31.5841785,-97.7553388
180,1939067,4810192930,Paducah North CCD,Z5,1418032784,841819,34.1670382,-100.2986684
181,1939068,4810192935,Paducah South CCD,Z5,914415948,1882178,33.9370021,-100.2542880
182,1938654,4810390880,Crane North CCD,Z5,1248459041,583619,31.5430597,-102.5702518
183,1938655,4810390885,Crane South CCD,Z5,784860646,1112361,31.2851023,-102.4605273
184,1938702,4810591120,East Crockett CCD,Z5,4323584461,44828,30.6664672,-101.2213914
185,1939314,4810594160,West Crockett CCD,Z5,2947350600,8501,30.7556621,-101.7259957
186,1938659,4810790905,Crosbyton CCD,Z5,1056088719,3813785,33.6331748,-101.1785157
187,1938939,4810792290,Lorenzo CCD,Z5,524602800,51630,33.5857708,-101.5056320
188,1939118,4810793185,Ralls CCD,Z5,750811910,8142,33.6014344,-101.3498670
189,1939284,4810994010,Van Horn CCD,Z5,355064063,83160,31.0812687,-104.8189471
190,1939285,4810994015,Van Horn Rural CCD,Z5,9518375491,472974,31.4694107,-104.5028432
191,1938669,4811190955,Dalhart CCD,Z5,3208804146,1714324,36.2599423,-102.5246495
192,1939259,4811193885,Texline CCD,Z5,684290938,3466253,36.3520121,-102.9272158
193,1939038,4811392792,Northeast Dallas CCD,Z5,1176785585,51073199,32.8294489,-96.6883192
194,1939217,4811393682,Southwest Dallas CCD,Z5,1084415738,40825027,32.6984258,-96.8763430
195,1938902,4811592105,Lamesa CCD,Z5,129550435,261811,32.7394955,-101.9596293
196,1938903,4811592110,Lamesa Northeast CCD,Z5,630497179,1680510,32.8599155,-101.8360126
197,1938904,4811592115,Lamesa Northwest CCD,Z5,540120557,761272,32.8339424,-102.1035676
198,1938905,4811592120,Lamesa Southeast CCD,Z5,505317777,928387,32.6330641,-101.7921892
199,1938906,4811592125,Lamesa Southwest CCD,Z5,526295613,1088750,32.6169419,-102.0722086
200,1938838,4811791785,Hereford East CCD,Z5,1110816094,1058130,34.9551498,-102.2927854
201,1938839,4811791790,Hereford West CCD,Z5,2765934474,2868427,34.9589772,-102.7255350
202,1938646,4811990840,Cooper CCD,Z5,410150701,37194252,33.4123269,-95.5975756
203,1939078,4811992985,Pecan Gap CCD,Z5,255041407,17453928,33.3632487,-95.8025260
204,1938832,4812190637,Carrollton CCD,Z5,88635542,826176,33.0291096,-96.8958517
205,1938680,4812191010,Denton CCD,Z5,210927048,3183047,33.2436015,-97.1514383
206,1938875,4812191970,Justin-Roanoke CCD,Z5,573178285,14236999,33.0986034,-97.2681582
207,1938918,4812192186,Lewisville-Flower Mound CCD,Z5,287456638,50091379,33.0898216,-97.0505060
208,1939088,4812193035,Pilot Point-Aubrey CCD,Z5,495329287,64938842,33.2932904,-96.9473370
209,1939167,4812193425,Sanger CCD,Z5,526134776,31108138,33.3440462,-97.2501558
210,1938636,4812193892,The Colony CCD,Z5,93656669,25087338,33.1097587,-96.9084734
211,1938663,4812390925,Cuero CCD,Z5,408515992,1148144,29.0928838,-97.1908521
212,1939316,4812394170,Westhoff-Arneckville CCD,Z5,772423959,760669,29.0754188,-97.3581848
213,1939341,4812394295,Yoakum CCD,Z5,460578327,1202944,29.2298161,-97.1890550
214,1939343,4812394305,Yorktown CCD,Z5,712719687,808162,28.9897045,-97.5528909
215,1938688,4812591050,Dickens CCD,Z5,1642857376,6343187,33.6747923,-100.7672551
216,1939223,4812593705,Spur CCD,Z5,692597300,2714661,33.4706236,-100.8230555
217,1938503,4812790140,Asherton CCD,Z5,1638556557,8588583,28.3264611,-99.6808799
218,1938537,4812790310,Big Wells CCD,Z5,680090392,2708458,28.5548238,-99.5604962
219,1938602,4812790635,Carrizo Springs CCD,Z5,1123148954,3278958,28.4763945,-99.9648706
220,1938624,4812990730,Clarendon CCD,Z5,1727454226,13709865,34.9790497,-100.8719640
221,1938833,4812991760,Hedley CCD,Z5,673221872,2191991,34.8579523,-100.6733638
222,1938527,4813190260,Benavides CCD,Z5,1403835741,549463,27.6102441,-98.5116768
223,1938758,4813191405,Freer CCD,Z5,1086272975,1983690,27.9109076,-98.6350258
224,1939124,4813193215,Realitos-Concepcion CCD,Z5,1274214516,588607,27.4153116,-98.5432471
225,1939166,4813193420,San Diego CCD,Z5,880761436,2356507,27.8873624,-98.3460839
226,1938623,4813390725,Cisco CCD,Z5,543674754,2649314,32.3922949,-99.0140210
227,1938705,4813391135,Eastland CCD,Z5,394650747,8274017,32.417369,-98.8061548
228,1938795,4813391590,Gorman CCD,Z5,545484803,1269173,32.2509271,-98.7127383
229,1939119,4813393190,Ranger CCD,Z5,426542611,1449006,32.4328061,-98.5750045
230,1939131,4813393250,Rising Star CCD,Z5,489291876,360789,32.1532269,-98.9899396
231,1939056,4813592875,Odessa CCD,Z5,619629388,4117639,31.9328159,-102.3687865
232,1938786,4813594173,West Odessa-Goldsmith CCD,Z5,1705811459,6138943,31.7992171,-102.6330087
233,1939141,4813793300,Rocksprings North CCD,Z5,1700041980,1189574,30.202115,-100.1063272
234,1939142,4813793305,Rocksprings South CCD,Z5,3785221240,4006738,29.9044644,-100.3531109
235,1938728,4813991250,Ennis CCD,Z5,534489668,17688414,32.3450466,-96.5709710
236,1938739,4813991310,Ferris CCD,Z5,288269422,2726456,32.4888712,-96.6337974
237,1938860,4813991895,Italy CCD,Z5,379880783,3970321,32.1750728,-96.9275869
238,1938979,4813992490,Maypearl CCD,Z5,232290605,2512260,32.3304399,-96.9830067
239,1938995,4813992570,Midlothian CCD,Z5,218315834,3068363,32.4803123,-97.0134796
240,1939300,4813994090,Waxahachie CCD,Z5,770329414,12010318,32.3607682,-96.8256498
241,1938721,4814191215,El Paso CCD,Z5,372947353,1282898,31.7222308,-106.3116194
242,1938722,4814191220,El Paso East CCD,Z5,1441940063,1854209,31.6739007,-106.1172808
243,1938723,4814191225,El Paso North Central CCD,Z5,464359260,1020545,31.9239638,-106.2337828
244,1938724,4814191230,El Paso Northwest CCD,Z5,345017792,1164491,31.9491855,-106.5291621
245,1938695,4814391085,Dublin CCD,Z5,456960536,2885673,32.1080916,-98.3642916
246,1939230,4814391087,Duffau-Clairette CCD,Z5,610004540,4665335,32.0762053,-98.0734275
247,1939010,4814392645,Morgan Mill-Bluff Dale CCD,Z5,816299517,3505388,32.4195165,-98.2281988
248,1939229,4814393735,Stephenville CCD,Z5,922155109,6110332,32.2447199,-98.2381340
249,1938620,4814590710,Chilton CCD,Z5,348474057,4291444,31.3006694,-97.1081061
250,1938941,4814592300,Lott CCD,Z5,298483119,2882683,31.1954531,-97.0770741
251,1938966,4814592425,Marlin CCD,Z5,281883694,5188533,31.3409711,-96.8740385
252,1939081,4814593000,Perry CCD,Z5,230514004,2147954,31.434271,-96.8737930
253,1939123,4814593210,Reagan CCD,Z5,453508425,4181740,31.2436526,-96.7514645
254,1939147,4814593330,Rosebud CCD,Z5,369759800,3000699,31.0918001,-96.9787379
255,1938550,4814790375,Bonham CCD,Z5,267399053,2071733,33.5543462,-96.1967636
256,1938692,4814791070,Dodd City CCD,Z5,298689372,762775,33.5558209,-96.0398889
257,1938708,4814791150,Ector CCD,Z5,232114027,4346901,33.604307,-96.3296130
258,1938846,4814791825,Honey Grove CCD,Z5,373093286,2075212,33.6189537,-95.9156163
259,1938896,4814792075,Ladonia CCD,Z5,121768584,380616,33.4267025,-95.9806984
260,1938916,4814792175,Leonard CCD,Z5,404552021,1173151,33.4259951,-96.2277960
261,1939121,4814793200,Ravenna-Telephone CCD,Z5,609634709,10036677,33.7494642,-96.0848874
262,1938738,4814991305,Fayetteville CCD,Z5,278178768,9259484,29.9298156,-96.6920007
263,1938741,4814991320,Flatonia CCD,Z5,684205458,974676,29.7632753,-97.1150729
264,1938897,4814992080,La Grange CCD,Z5,352793378,5997723,29.9799843,-96.8900498
265,1938898,4814992085,La Grange West CCD,Z5,426863498,4568122,29.9023861,-96.9830748
266,1939151,4814993345,Round Top CCD,Z5,365033171,3821680,30.06987,-96.7569737
267,1939177,4814993475,Schulenburg CCD,Z5,353242630,952977,29.7331345,-96.8591977
268,1938951,4815192350,McCaulley CCD,Z5,380466398,2072960,32.8577499,-100.2392840
269,1939136,4815193275,Roby CCD,Z5,1308923419,4090575,32.6420058,-100.3982035
270,1939150,4815193340,Rotan CCD,Z5,638882286,1094945,32.8634386,-100.5011746
271,1938744,4815391335,Floydada CCD,Z5,1168453777,320386,33.9417578,-101.2985920
272,1938931,4815392250,Lockney CCD,Z5,1401183506,663351,34.1790496,-101.3011595
273,1938661,4815590915,Crowell CCD,Z5,1443767605,5959279,33.9790879,-99.8647633
274,1939260,4815593890,Thalia CCD,Z5,380611026,2555462,33.9211828,-99.5363172
275,1938760,4815791415,Fulshear-Simonton CCD,Z5,417138777,12875257,29.6891457,-95.8639849
276,1939024,4815792715,Needville CCD,Z5,500166932,7761592,29.3721606,-95.7790654
277,1939064,4815792915,Orchard-Kendleton CCD,Z5,321687927,4618684,29.5291701,-95.9737866
278,1939149,4815793337,Rosenberg-Richmond CCD,Z5,529882732,19742423,29.5021791,-95.7381330
279,1939225,4815793715,Stafford-Missouri City CCD,Z5,215588175,5993316,29.5395885,-95.5044060
280,1939238,4815793780,Sugar Land CCD,Z5,247372291,9959409,29.6183942,-95.6550966
281,1939016,4815992675,Mount Vernon CCD,Z5,609322643,18117396,33.2139264,-95.2197247
282,1939332,4815994250,Winnsboro CCD,Z5,127247292,8757724,33.0072779,-95.2204634
283,1938586,4816190555,Butler CCD,Z5,512461920,4552021,31.6437324,-95.9556800
284,1938732,4816191275,Fairfield CCD,Z5,716097861,29711746,31.8197338,-96.1211602
285,1939252,4816193850,Teague CCD,Z5,771275047,1952214,31.5977027,-96.2466015
286,1939340,4816194290,Wortham CCD,Z5,273477038,720982,31.799475,-96.3469868
287,1938689,4816391055,Dilley CCD,Z5,542589303,135743,28.7244583,-99.2685984
288,1939008,4816392635,Moore CCD,Z5,470745487,354723,29.017102,-98.9307806
289,1939077,4816392980,Pearsall CCD,Z5,1922418712,1703155,28.8748527,-99.1093364
290,1939179,4816593485,Seagraves CCD,Z5,1134386327,1198499,32.8606424,-102.4562003
291,1939186,4816593520,Seminole CCD,Z5,2756716140,64447,32.6898648,-102.7244344
292,1938549,4816790370,Bolivar Peninsula CCD,Z5,137491154,725494718,29.4621074,-94.6771549
293,1938766,4816791445,Galveston CCD,Z5,108415015,510669647,29.233453,-94.8884558
294,1938901,4816792100,La Marque-Hitchcock CCD,Z5,193973081,22833335,29.3036252,-95.0323847
295,1939258,4816793880,Texas City-League City CCD,Z5,542467076,22013655,29.438943,-95.0649056
296,1939104,4816993108,Post East CCD,Z5,1394213281,5711371,33.1514982,-101.1985034
297,1939103,4816993118,Post West CCD,Z5,919723843,1497871,33.2176914,-101.4441616
298,1938756,4817191395,Fredericksburg CCD,Z5,742109472,2417353,30.3250929,-98.9418498
299,1938826,4817191725,Harper CCD,Z5,1033243321,1521075,30.3509668,-99.1649194
300,1938757,4817193757,Stonewall CCD,Z5,965378512,5062173,30.3169539,-98.6940603
301,1938768,4817391455,Garden City North CCD,Z5,1219156985,1191071,31.971364,-101.5040105
302,1938769,4817391460,Garden City South CCD,Z5,1112395989,1054231,31.7630407,-101.5509182
303,1938788,4817591555,Goliad North CCD,Z5,646554341,5126202,28.7573026,-97.4248165
304,1938789,4817591560,Goliad South CCD,Z5,1163945764,6065195,28.5095681,-97.4804022
305,1939305,4817594115,Weesatche-Ander CCD,Z5,396198507,7858618,28.8281756,-97.3244089
306,1938792,4817790868,Cost-Wrightsboro CCD,Z5,503482393,980310,29.3814276,-97.4518511
307,1938790,4817791565,Gonzales CCD,Z5,530614463,1551567,29.5144152,-97.3313923
308,1938791,4817791733,Harwood-Ottine CCD,Z5,475580483,3640795,29.5813558,-97.5441928
309,1939033,4817792760,Nixon CCD,Z5,473562794,1215251,29.4015569,-97.7099804
310,1939201,4817793595,Smiley CCD,Z5,439823409,472761,29.2305845,-97.6044328
311,1939294,4817794060,Waelder CCD,Z5,339641320,343402,29.6756479,-97.2914926
312,1939073,4817992172,Lefors CCD,Z5,1526019153,6742480,35.4298633,-100.7708392
313,1938954,4817992365,McLean CCD,Z5,335934965,717399,35.2518805,-100.6494526
314,1939072,4817992955,Pampa CCD,Z5,536307561,1240911,35.4177088,-101.0153021
315,1938703,4818191125,East Grayson CCD,Z5,1008235391,3283544,33.586236,-96.5185032
316,1939049,4818192840,Northwest Grayson CCD,Z5,799295727,102688782,33.7441964,-96.7861353
317,1939219,4818193685,Southwest Grayson CCD,Z5,608502415,14102576,33.5059807,-96.7834340
318,1938781,4818391520,Gladewater CCD,Z5,111343649,720279,32.5119619,-94.9153155
319,1938885,4818392020,Kilgore CCD,Z5,46450939,92955,32.3936195,-94.8524095
320,1938937,4818392093,Lakeport CCD,Z5,105104998,3963809,32.3852731,-94.7143062
321,1939158,4818392193,Liberty City CCD,Z5,151088091,226743,32.4315582,-94.9050147
322,1938935,4818392270,Longview CCD,Z5,192622057,1024965,32.5062336,-94.7716329
323,1938936,4818392275,Longview Northwest CCD,Z5,101442416,177709,32.6006617,-94.7582200
324,1938491,4818590080,Anderson-Bedias CCD,Z5,1316466949,27589765,30.6477805,-96.0105534
325,1939023,4818592710,Navasota CCD,Z5,723061393,9020082,30.3482134,-95.9658155
326,1938811,4818792793,Northeast Guadalupe CCD,Z5,550398884,2795126,29.684458,-97.8215257
327,1939176,4818793470,Schertz-Cibolo CCD,Z5,218693542,1610571,29.6075427,-98.1631744
328,1939182,4818793500,Seguin CCD,Z5,419274088,3755183,29.6143269,-97.9613501
329,1938810,4818793643,Southeast Guadalupe CCD,Z5,281492401,780826,29.4644167,-97.8577585
330,1938812,4818793687,Southwest Guadalupe CCD,Z5,372277138,215331,29.4774401,-98.0714350
331,1938476,4818990005,Abernathy CCD,Z5,606959626,132501,33.9097905,-101.9100343
332,1938816,4818991675,Hale Center CCD,Z5,512226814,37180,34.0721602,-101.9317726
333,1939085,4818993020,Petersburg CCD,Z5,352324209,0,33.9302917,-101.6538485
334,1939093,4818993060,Plainview CCD,Z5,1130598774,76997,34.1956637,-101.7858491
335,1938730,4819191260,Estelline CCD,Z5,854998804,18135297,34.4531894,-100.5763434
336,1938900,4819192095,Lakeview CCD,Z5,542019217,16094767,34.6556227,-100.7638926
337,1938983,4819192510,Memphis CCD,Z5,315024381,7732234,34.6912741,-100.5154557
338,1939274,4819193960,Turkey CCD,Z5,576191213,11404105,34.4398223,-100.8440546
339,1938819,4819391690,Hamilton CCD,Z5,1580669863,884602,31.6474695,-98.1317309
340,1938841,4819391800,Hico CCD,Z5,584338879,354026,31.8787395,-98.0430040
341,1938809,4819591660,Gruver CCD,Z5,1547455185,852095,36.3281309,-101.4337355
342,1939221,4819593695,Spearman CCD,Z5,834841461,696246,36.1841254,-101.2514575
343,1938619,4819790705,Chillicothe CCD,Z5,469121635,659578,34.2392639,-99.5445795
344,1938793,4819791580,Goodlett CCD,Z5,626329751,487206,34.3589695,-99.9064148
345,1939113,4819793160,Quanah CCD,Z5,704886001,3402076,34.2633663,-99.7346331
346,1938892,4819992055,Kountze CCD,Z5,704346950,3517758,30.371619,-94.3559935
347,1938615,4819992332,Lumberton CCD,Z5,129509294,3604388,30.2295993,-94.1762658
348,1939174,4819993460,Saratoga-Batson CCD,Z5,776264423,2578745,30.3442062,-94.5627142
349,1939196,4819993570,Silsbee CCD,Z5,392184784,6078313,30.4147736,-94.1736561
350,1939207,4819993625,Sour Lake CCD,Z5,304306913,2258653,30.156406,-94.4067300
351,1938520,4820190225,Baytown CCD,Z5,121564056,35695659,29.7522771,-94.9855197
352,1938848,4820191835,Houston CCD,Z5,2494061727,73546567,29.8014132,-95.3887412
353,1939040,4820192795,Northeast Harris CCD,Z5,390325830,31279498,29.9550482,-95.0558438
354,1939050,4820192845,Northwest Harris CCD,Z5,1124416168,13721733,30.0099984,-95.6608651
355,1939076,4820192975,Pasadena CCD,Z5,95427971,3222556,29.6803241,-95.1758783
356,1939211,4820193645,Southeast Harris CCD,Z5,195220148,24965699,29.6609715,-95.0614822
357,1938818,4820391685,Hallsville CCD,Z5,610998998,12487755,32.4758771,-94.5360696
358,1938824,4820391715,Harleton CCD,Z5,529792727,1080089,32.6598239,-94.5127930
359,1938967,4820392430,Marshall CCD,Z5,188450121,922035,32.5399187,-94.3765896
360,1939299,4820394085,Waskom CCD,Z5,1001899176,26159458,32.5325634,-94.1907580
361,1938616,4820590690,Channing CCD,Z5,1388163020,635434,35.7167664,-102.3805857
362,1939051,4820590956,Dalhart CCD,Z5,2398272488,2387749,35.8692783,-102.7081464
363,1938828,4820791735,Haskell CCD,Z5,971730868,18161452,33.120371,-99.6317724
364,1939138,4820793285,Rochester CCD,Z5,374698185,2216,33.3271744,-99.8366178
365,1939154,4820793360,Rule CCD,Z5,266127646,27329,33.1977444,-99.9054432
366,1939160,4820793390,Sagerton CCD,Z5,388873186,45947,33.0374543,-99.8688125
367,1939307,4820794125,Weinert CCD,Z5,337673924,228264,33.3340134,-99.6074443
368,1938693,4820991075,Dripping Springs-Wimberley CCD,Z5,930449754,857294,30.1281068,-98.1418604
369,1938894,4820992065,Kyle-Buda CCD,Z5,478080382,2477683,30.0496675,-97.8930872
370,1939168,4820993430,San Marcos CCD,Z5,344503259,1719151,29.8952784,-97.9776847
371,1938596,4821190605,Canadian North CCD,Z5,541400863,139738,35.9436696,-100.4637305
372,1938598,4821190615,Canadian South CCD,Z5,1805869156,15065848,35.8041845,-100.2196484
373,1938506,4821390155,Athens CCD,Z5,695616265,16945727,32.2057985,-95.8223872
374,2378355,4821390652,Cedar Creek Lake CCD,Z5,847910937,106369512,32.223547,-96.0752687
375,1938570,4821390687,Chandler-Brownsboro CCD,Z5,334648450,41905687,32.2934846,-95.5786442
376,1938911,4821392150,LaRue-Poynor CCD,Z5,384906737,28132777,32.1458876,-95.6018962
377,1938709,4821591155,Edcouch-Elsa CCD,Z5,286959726,2941906,26.3046088,-97.9523247
378,1938712,4821591170,Edinburg CCD,Z5,469401540,1561179,26.3468314,-98.1375380
379,1938823,4821591710,Hargill CCD,Z5,152227637,10002680,26.422864,-97.9710985
380,1938949,4821592340,McAllen-Pharr CCD,Z5,352976187,2246788,26.1710986,-98.1998091
381,1939001,4821592600,Mission CCD,Z5,473745255,1217903,26.3248264,-98.3273262
382,1939112,4821593155,Puerto Rico-San Manuel CCD,Z5,1426817162,527954,26.6175624,-98.1948738
383,1939212,4821593650,Southeast Hidalgo CCD,Z5,473023865,7409799,26.1388555,-97.9915604
384,1939239,4821593785,Sullivan City CCD,Z5,433607469,4831396,26.3171031,-98.4636989
385,1938546,4821790355,Blum CCD,Z5,388320090,15231816,32.1103635,-97.3736935
386,1938843,4821791810,Hillsboro CCD,Z5,849298599,13243274,31.9847504,-97.0793161
387,1938850,4821791845,Hubbard-Mount Calm CCD,Z5,247960066,3405799,31.8204135,-96.8428616
388,1938861,4821791900,Itasca CCD,Z5,354518386,2615981,32.1722528,-97.1648751
389,1938957,4821792380,Malone-Penelope CCD,Z5,263384122,2559450,31.8787123,-96.9222629
390,1939324,4821794210,Whitney CCD,Z5,379941383,32488403,31.8982556,-97.2867743
391,1938498,4821990115,Anton CCD,Z5,214157569,0,33.7715552,-102.1822653
392,1938917,4821992180,Levelland CCD,Z5,1443726112,427296,33.6586659,-102.3796457
393,1939145,4821993320,Ropesville CCD,Z5,358638163,0,33.4659916,-102.1861385
394,1939242,4821993800,Sundown CCD,Z5,336202117,18823,33.4445608,-102.4530977
395,1938798,4822191605,Granbury East CCD,Z5,443372764,34861269,32.4484656,-97.7174958
396,1938799,4822191610,Granbury West CCD,Z5,646209504,6914186,32.4234907,-97.9215689
397,1938664,4822390930,Cumby CCD,Z5,420285889,7884088,33.1083428,-95.7849064
398,1939044,4822392815,North Hopkins-Sulphur Bluff CCD,Z5,484145041,34476910,33.2829074,-95.4977645
399,1939087,4822393030,Pickton-Pine Forest CCD,Z5,444808488,4762959,33.0807724,-95.3904894
400,1939187,4822393522,Seymore CCD,Z5,204645200,2018273,33.0157617,-95.5912639
401,1939240,4822393790,Sulphur Springs CCD,Z5,433751393,16490741,33.1537404,-95.5885633
402,1938658,4822590900,Crockett CCD,Z5,719155433,4626367,31.3085512,-95.3712626
403,1938804,4822591635,Grapeland CCD,Z5,897525776,3721444,31.4955668,-95.4314665
404,1938881,4822592000,Kennard-Ratcliff CCD,Z5,462165991,542890,31.367554,-95.1252776
405,1938943,4822592310,Lovelady CCD,Z5,645314648,2550634,31.1033091,-95.5193638
406,1939101,4822593100,Porter Springs CCD,Z5,464117059,2994002,31.2428694,-95.6416269
407,1938535,4822790300,Big Spring CCD,Z5,894981979,6016512,32.1733957,-101.4544985
408,1938536,4822790305,Big Spring North CCD,Z5,1030061389,1790652,32.411417,-101.4996299
409,1938632,4822790770,Coahoma CCD,Z5,407995775,1034617,32.3500086,-101.2469093
410,1938676,4822990990,Dell City CCD,Z5,2437644575,63949,31.915356,-105.3975234
411,1938749,4822991360,Fort Hancock CCD,Z5,3561995271,1565260,31.5319357,-105.7097304
412,1939195,4822993565,Sierra Blanca CCD,Z5,5837965493,560734,31.2611986,-105.1957564
413,1938588,4823190565,Caddo Mills CCD,Z5,206110005,293173,33.0788617,-96.2475565
414,1938610,4823190660,Celeste CCD,Z5,270364107,1612208,33.2859146,-96.2087079
415,1938642,4823190820,Commerce CCD,Z5,289433577,980214,33.30081,-95.9426826
416,1938805,4823191640,Greenville CCD,Z5,563762646,5798156,33.1254747,-96.0969009
417,1938933,4823192260,Lone Oak CCD,Z5,339799547,17933645,33.0825024,-95.9346065
418,1939115,4823193170,Quinlan CCD,Z5,379894794,80710716,32.9082879,-96.1404205
419,1939336,4823194270,Wolfe City CCD,Z5,127302099,433634,33.3496399,-96.0579081
420,1938552,4823390385,Borger CCD,Z5,790608110,10539959,35.7197827,-101.3011483
421,1939232,4823393750,Stinnett CCD,Z5,1507800043,8967543,35.8982135,-101.3878157
422,1938989,4823592540,Mertzon North CCD,Z5,1357762557,11009,31.4178546,-100.9855183
423,1938990,4823592545,Mertzon South CCD,Z5,1365723438,165308,31.1968744,-100.9754186
424,1938575,4823790500,Bryson CCD,Z5,446563691,3523264,33.1414074,-98.3562479
425,1938862,4823791905,Jacksboro CCD,Z5,1475713878,16393619,33.2988863,-98.1569667
426,1939080,4823792995,Perrin CCD,Z5,437128105,3787732,33.0879145,-98.0605663
427,1938713,4823991175,Edna-Cordele CCD,Z5,681543787,20539777,29.0674764,-96.6446534
428,1938767,4823991450,Ganado CCD,Z5,306345510,12689545,29.0344801,-96.4635739
429,1938914,4823992165,La Ward-Lolita CCD,Z5,668798259,32516930,28.8139833,-96.4455521
430,1939283,4823994005,Vanderbilt CCD,Z5,491559137,5293321,28.9283909,-96.7157610
431,1938579,4824190520,Buna CCD,Z5,732293963,5217804,30.4101566,-93.9892378
432,1938865,4824191920,Jasper CCD,Z5,1092513353,71970160,30.9726344,-94.0562518
433,1938889,4824192040,Kirbyville CCD,Z5,606298042,3211943,30.7019919,-93.9976901
434,1938748,4824391355,Fort Davis CCD,Z5,3411416540,85383,30.7653239,-103.8841467
435,1939279,4824393985,Valentine CCD,Z5,2453755699,120823,30.7336592,-104.4582304
436,1938521,4824590230,Beaumont CCD,Z5,197216187,7043554,30.089833,-94.1485060
437,1938895,4824592070,LaBelle CCD,Z5,323974063,20848100,29.9305183,-94.1537988
438,1939035,4824592770,Nome-China CCD,Z5,599122506,4940266,30.0053573,-94.3286230
439,1938704,4824593097,Port Arthur CCD,Z5,244754392,89441341,29.9439502,-93.9591808
440,1939159,4824593385,Sabine Pass CCD,Z5,905734929,488678561,29.7039031,-94.1430342
441,1939045,4824792820,North Jim Hogg CCD,Z5,876640143,54067,27.2399266,-98.7512449
442,1939214,4824793660,South Jim Hogg CCD,Z5,2066034586,38498,26.9539903,-98.6759904
443,1938482,4824990035,Alice CCD,Z5,1021427612,2109191,27.6773893,-98.0982794
444,1939063,4824992910,Orange Grove-Sandia CCD,Z5,831549915,6428076,27.9540421,-98.0568118
445,1939109,4824993140,Premont CCD,Z5,387817850,186105,27.3599123,-98.1458203
446,1938485,4825190050,Alvarado CCD,Z5,434458757,4030479,32.448375,-97.1809192
447,1938582,4825190535,Burleson-Joshua CCD,Z5,286632563,1034398,32.4894231,-97.3932091
448,1938628,4825190750,Cleburne CCD,Z5,550588886,12953701,32.2859713,-97.4438448
449,1938785,4825191540,Godley CCD,Z5,347913685,2422793,32.4189861,-97.5498676
450,1938802,4825191625,Grandview CCD,Z5,257581945,3786370,32.2879574,-97.2131878
451,1938497,4825390110,Anson CCD,Z5,518587554,2583164,32.7592582,-99.9151450
452,1938820,4825391695,Hamlin CCD,Z5,411148254,2143026,32.841051,-100.0707215
453,1938830,4825391745,Hawley-Noodle CCD,Z5,809578867,14246907,32.5915678,-99.8613872
454,1938945,4825392320,Lueders CCD,Z5,312869963,1874641,32.7698313,-99.6947621
455,1939226,4825393720,Stamford CCD,Z5,352892147,1249604,32.905538,-99.7880548
456,1938734,4825591285,Falls City CCD,Z5,295906843,4637642,28.9361745,-98.0479509
457,1938779,4825591510,Gillett CCD,Z5,501388048,3737005,29.0806379,-97.7815688
458,1938877,4825591980,Karnes City CCD,Z5,363414999,2251538,28.8454832,-97.9609816
459,1938880,4825591995,Kenedy CCD,Z5,482586191,2989375,28.7678149,-97.8414496
460,1939155,4825593365,Runge CCD,Z5,293373597,1394755,28.8780414,-97.6985999
461,1938607,4825790653,Cedar Creek Lake CCD,Z5,213761872,40327827,32.3816171,-96.2296556
462,1938653,4825790875,Crandall CCD,Z5,261172106,5391704,32.5546916,-96.4622484
463,1938747,4825791350,Forney CCD,Z5,230453977,5843152,32.7336618,-96.4515769
464,1938878,4825791985,Kaufman CCD,Z5,428966199,5180535,32.4819575,-96.2898918
465,1939255,4825793865,Terrell CCD,Z5,432687667,8530885,32.7463234,-96.2077756
466,1939256,4825793870,Terrell South CCD,Z5,455180779,4228385,32.613508,-96.2334530
467,1938547,4825990360,Boerne CCD,Z5,658458013,1264894,29.8290756,-98.7230375
468,1938641,4825990815,Comfort CCD,Z5,1057289599,231903,30.0144195,-98.7030621
469,1939175,4826193465,Sarita CCD,Z5,3777657843,1261927310,26.8902129,-97.5911434
470,1938866,4826391925,Jayton North CCD,Z5,861303577,244725,33.3147366,-100.7900379
471,1938867,4826391930,Jayton South CCD,Z5,1476178454,820470,33.0881894,-100.7269548
472,1938613,4826590675,Center Point CCD,Z5,335177043,1303054,29.9076941,-99.0015735
473,1938856,4826591875,Ingram CCD,Z5,1954973166,4983951,30.095527,-99.4850985
474,1938884,4826592015,Kerrville CCD,Z5,567467394,3944759,30.0419663,-99.0863798
475,1938873,4826791960,Junction Northwest CCD,Z5,1822982995,6578,30.5541748,-99.8967763
476,1938874,4826791965,Junction Southeast CCD,Z5,1417041044,498931,30.420144,-99.5646720
477,1938815,4826991670,Guthrie CCD,Z5,2359150569,6396290,33.6142675,-100.2453455
478,1938555,4827190400,Brackettville CCD,Z5,3523765247,11885327,29.3470865,-100.4177003
479,1938888,4827392035,Kingsville CCD,Z5,1745012253,515884707,27.4532733,-97.6262746
480,1939133,4827393260,Riviera CCD,Z5,537560191,25156952,27.3231303,-97.8817794
481,1938528,4827590265,Benjamin CCD,Z5,1586567050,12019972,33.6498175,-99.7818375
482,1938794,4827591585,Goree CCD,Z5,190654459,35526,33.4965939,-99.5226083
483,1938890,4827592045,Knox City CCD,Z5,167647971,430271,33.435018,-99.8294999
484,1939020,4827592695,Munday CCD,Z5,258229134,101904,33.4721647,-99.6529800
485,1938532,4827790285,Biardstown CCD,Z5,214774160,4044131,33.5046397,-95.5124882
486,1938544,4827790345,Blossom CCD,Z5,330454952,4255686,33.7119242,-95.3884548
487,1938682,4827791020,Deport CCD,Z5,263632612,1176038,33.4987963,-95.3806149
488,1938849,4827791840,Howland CCD,Z5,154445183,1836735,33.5673379,-95.6397286
489,1939075,4827792970,Paris CCD,Z5,245201544,5761889,33.6617904,-95.5243661
490,1939107,4827793130,Powderly CCD,Z5,242614367,16426519,33.8090468,-95.4990085
491,1939153,4827793355,Roxton CCD,Z5,264133394,2945463,33.5569344,-95.7658311
492,1939241,4827793795,Sumner CCD,Z5,634720434,30302249,33.7751359,-95.7175652
493,1938699,4827991105,Earth CCD,Z5,446246259,57014,34.2358288,-102.4088686
494,1938925,4827992220,Littlefield CCD,Z5,704872352,71491,33.943828,-102.2337025
495,1939061,4827992900,Olton CCD,Z5,539567657,86864,34.1798093,-102.1876795
496,1939237,4827993775,Sudan-Amherst CCD,Z5,941211321,3758395,34.0274683,-102.4929701
497,1938478,4828190015,Adamsville CCD,Z5,601605375,156521,31.2714796,-98.1380756
498,1938907,4828192130,Lampasas CCD,Z5,607056837,745560,31.1227874,-98.1436639
499,1938932,4828192255,Lometa CCD,Z5,636777829,1847822,31.1972082,-98.3972107
500,1938652,4828390870,Cotulla CCD,Z5,2928652377,15078476,28.4216126,-99.0735686
501,1938726,4828391240,Encinal CCD,Z5,921893370,4425263,28.1321529,-99.1747130
502,1938817,4828591680,Hallettsville CCD,Z5,1291483734,1487825,29.410193,-96.8226321
503,1939012,4828592655,Moulton CCD,Z5,341288722,170224,29.5630022,-97.0659678
504,1939194,4828593560,Shiner CCD,Z5,207004186,34360,29.4263367,-97.1450337
505,1939342,4828594300,Yoakum CCD,Z5,671758606,189807,29.2619589,-97.0141296
506,1938778,4828791505,Giddings CCD,Z5,480124742,2323063,30.1739049,-96.9291222
507,1938919,4828792190,Lexington CCD,Z5,537301942,2967854,30.4198355,-97.0839664
508,1938922,4828792205,Lincoln-Dime Box CCD,Z5,611778082,7831645,30.3102662,-96.9016403
509,1938577,4828990510,Buffalo CCD,Z5,400563332,2412109,31.4134751,-96.0349488
510,1938614,4828990680,Centerville CCD,Z5,1014671382,2451233,31.2608725,-95.8912555
511,1938869,4828992427,Marquez CCD,Z5,473444650,9387966,31.2741937,-96.2292387
512,1939036,4828992775,Normangee CCD,Z5,456957143,2272637,31.1154644,-96.1341358
513,1939055,4828992870,Oakwood CCD,Z5,433825519,2804438,31.4820987,-95.7732927
514,1938629,4829190755,Cleveland CCD,Z5,908524613,14006515,30.2917875,-94.9682664
515,1938667,4829190945,Daisetta CCD,Z5,354724590,2720050,30.1133641,-94.6115832
516,1938822,4829191705,Hardin-Rye CCD,Z5,445623213,12675178,30.3118262,-94.7572223
517,1938920,4829192195,Liberty-Dayton CCD,Z5,1291249044,17218752,30.0002845,-94.7814819
518,1938645,4829390835,Coolidge CCD,Z5,260907940,4586432,31.7488521,-96.6735867
519,1938807,4829391650,Groesbeck CCD,Z5,431766252,6421926,31.5326353,-96.6122430
520,1938891,4829392050,Kosse CCD,Z5,277199666,2762012,31.32712,-96.5989216
521,1938991,4829392550,Mexia CCD,Z5,296404414,6341916,31.6880888,-96.5103078
522,1939084,4829393015,Personville CCD,Z5,311792433,24302774,31.5334753,-96.3711473
523,1939108,4829393135,Prairie Hill CCD,Z5,361881896,2992706,31.6542536,-96.7828645
524,1939262,4829393900,Thornton CCD,Z5,405100579,24422455,31.4019717,-96.4906728
525,1938551,4829590380,Booker CCD,Z5,711754493,83854,36.3683427,-100.4102802
526,1938746,4829591345,Follett CCD,Z5,688426068,46274,36.3817151,-100.1413402
527,1938842,4829591805,Higgins CCD,Z5,1014242083,168613,36.1532164,-100.2617192
528,1938777,4829791500,George West CCD,Z5,1525314684,52691305,28.194109,-98.0266638
529,1939263,4829793905,Three Rivers CCD,Z5,1167482225,48792513,28.5194497,-98.1544769
530,1938927,4829992230,Llano North CCD,Z5,1068496339,61283039,30.8154816,-98.6819169
531,1938928,4829992235,Llano South CCD,Z5,1350718197,21058998,30.6107745,-98.6848946
532,1938986,4830192525,Mentone CCD,Z5,1732230053,19981167,31.8449361,-103.5612293
533,1938854,4830391865,Idalou CCD,Z5,429226831,1615617,33.7182984,-101.6569587
534,1938944,4830392315,Lubbock CCD,Z5,1149889638,8065027,33.5760512,-101.8866894
535,1939190,4830393540,Shallowater CCD,Z5,351024756,1379757,33.7302581,-101.9968032
536,1939200,4830393590,Slaton CCD,Z5,389456524,2150396,33.485891,-101.6413323
537,1939057,4830592880,O'Donnell CCD,Z5,521098015,260035,33.0093397,-101.8329758
538,1939246,4830593820,Tahoka CCD,Z5,1472055694,3831521,33.2025905,-101.8450028
539,1939328,4830594230,Wilson CCD,Z5,316771138,78162,33.3235456,-101.6706584
540,1938556,4830790405,Brady CCD,Z5,1007892743,11406868,31.053668,-99.3253366
541,1938982,4830792505,Melvin CCD,Z5,1078917005,5014904,31.271756,-99.4787175
542,1939137,4830793280,Rochelle CCD,Z5,673083784,3864421,31.2938561,-99.1947987
543,1938510,4830990175,Axtell CCD,Z5,271116056,7081130,31.6625593,-96.9770789
544,1938621,4830990715,China Spring CCD,Z5,135918636,1006163,31.6799184,-97.3027810
545,1938657,4830990895,Crawford CCD,Z5,441923842,552811,31.5583849,-97.4445047
546,1938720,4830991210,Elm Mott CCD,Z5,117031612,1418564,31.6765155,-97.1011645
547,1938952,4830992355,McGregor CCD,Z5,212356363,62972,31.4326683,-97.3923530
548,1938968,4830992435,Mart CCD,Z5,247032913,8222706,31.5194584,-96.9259714
549,1939007,4830992631,Moody-Lorena CCD,Z5,348053179,2548970,31.3616214,-97.2772506
550,1939293,4830994055,Waco CCD,Z5,643191158,38594416,31.5247791,-97.1563815
551,1939310,4830994140,West CCD,Z5,268300732,1604361,31.7664229,-97.1385410
552,1939266,4831193920,Tilden CCD,Z5,2952066567,43985124,28.384922,-98.5788529
553,1938955,4831392370,Madisonville CCD,Z5,472070731,5343530,30.9559052,-95.8804959
554,1938996,4831392575,Midway CCD,Z5,282332367,5976457,31.0188802,-95.7441050
555,1939053,4831392860,North Zulch CCD,Z5,452700359,5173267,30.9415165,-96.0920522
556,1938964,4831591937,Jefferson CCD,Z5,515357178,32031831,32.7930387,-94.2145470
557,1938965,4831592092,Lake O' the Pines CCD,Z5,471173140,70067660,32.7990984,-94.5195958
558,1939227,4831793725,Stanton CCD,Z5,391034625,56956,32.2052714,-101.8057210
559,1939249,4831793835,Tarzan-Lenorah CCD,Z5,1978689966,1874876,32.3262186,-101.9643930
560,1938970,4831992445,Mason East CCD,Z5,921293127,3387710,30.7711399,-99.0944057
561,1938971,4831992450,Mason West CCD,Z5,1484380975,5367591,30.6759697,-99.3089059
562,1938519,4832190220,Bay City CCD,Z5,707004328,5297687,29.0266898,-95.9002203
563,1938974,4832192465,Matagorda-Sargent CCD,Z5,880294651,945235285,28.6516495,-95.8769631
564,1939069,4832192940,Palacios CCD,Z5,446808554,386805169,28.6605822,-96.1871057
565,1939265,4832193915,Tidehaven CCD,Z5,796537911,8404423,28.9160955,-96.1559064
566,1938698,4832391100,Eagle Pass CCD,Z5,1263864526,18288072,28.4918138,-100.2629714
567,1939114,4832393165,Quemado CCD,Z5,2049954222,13584344,28.8977972,-100.3569903
568,1938604,4832590645,Castroville-LaCoste CCD,Z5,520225140,5294489,29.4441544,-98.8625732
569,1938684,4832591030,Devine-Natalia CCD,Z5,513675009,2231106,29.1831827,-98.9300315
570,1938686,4832591040,D'Hanis CCD,Z5,1143139375,5510834,29.3444703,-99.3118560
571,1938845,4832591820,Hondo CCD,Z5,1255626686,10723333,29.3857818,-99.0910375
572,1938984,4832792515,Menard East CCD,Z5,980351330,311636,30.8853684,-99.6538663
573,1938985,4832792520,Menard West CCD,Z5,1355886650,301923,30.8948275,-99.9472455
574,1938993,4832992560,Midland CCD,Z5,445227451,1527270,32.013537,-102.1564059
575,1938994,4832992566,Midland South CCD,Z5,1886687907,2725681,31.8142693,-102.0024538
576,1938576,4833190505,Buckholts CCD,Z5,242490408,522328,30.9051981,-97.1316867
577,1938583,4833190540,Burlington CCD,Z5,585922817,2627388,30.9596091,-96.8744792
578,1938593,4833190590,Cameron CCD,Z5,260674984,493937,30.8324271,-96.9731525
579,1938670,4833190960,Davilla CCD,Z5,333029108,637956,30.76306,-97.1872520
580,1938774,4833191485,Gause-Milano CCD,Z5,555306237,2042050,30.7495851,-96.7904338
581,1939139,4833193290,Rockdale CCD,Z5,337591738,2378601,30.647452,-96.9963961
582,1939261,4833193895,Thorndale CCD,Z5,317334135,3129138,30.59783,-97.1358407
583,1938787,4833391550,Goldthwaite CCD,Z5,601748025,1144302,31.3828506,-98.5967752
584,1939019,4833392690,Mullin-Priddy CCD,Z5,1336144773,2879256,31.5453019,-98.6090123
585,1938637,4833590795,Colorado City CCD,Z5,376796319,5237518,32.4152718,-100.8514710
586,1938938,4833592285,Loraine CCD,Z5,672808861,3472884,32.2897312,-100.7509367
587,1939313,4833594155,Westbrook CCD,Z5,1310105746,3779373,32.2801392,-101.0495181
588,1938553,4833790390,Bowie CCD,Z5,712369627,9264265,33.5505024,-97.8453188
589,1939003,4833792610,Montague-Forestburg CCD,Z5,518082207,2136529,33.585641,-97.6326462
590,1939034,4833792765,Nocona CCD,Z5,671361920,3122513,33.8428142,-97.7843399
591,1939161,4833793395,St. Jo CCD,Z5,509220857,4564052,33.7600128,-97.5734992
592,1938956,4833992375,Magnolia CCD,Z5,318137654,1748407,30.1779935,-95.7103970
593,1939006,4833992625,Montgomery CCD,Z5,828329804,45746093,30.3956476,-95.6924528
594,1939213,4833993655,Southeast Montgomery CCD,Z5,1252129115,10088334,30.2221194,-95.3449342
595,1939326,4833994220,Willis CCD,Z5,300640569,32296994,30.4486465,-95.4664937
596,1938696,4834191090,Dumas CCD,Z5,1689257829,25101100,35.808717,-101.9509669
597,1939243,4834193805,Sunray CCD,Z5,640949362,598689,35.9246803,-101.7261846
598,1938666,4834390940,Daingerfield CCD,Z5,301237970,13433252,33.0054742,-94.7264609
599,1939022,4834392705,Naples CCD,Z5,351411053,3949195,33.2061562,-94.7320513
600,1938973,4834592454,Matador CCD,Z5,1315581280,204720,33.9556558,-100.7488046
601,1938972,4834592822,North Motley CCD,Z5,1247382620,439420,34.1931493,-100.8052976
602,1938622,4834790720,Chireno-Martinsville CCD,Z5,657935540,60551063,31.4743456,-94.4145311
603,1938665,4834790935,Cushing-Douglass CCD,Z5,576807433,5956067,31.7344539,-94.8202510
604,1938770,4834791465,Garrison CCD,Z5,228057261,2257003,31.7952355,-94.5285605
605,1939021,4834792700,Nacogdoches CCD,Z5,988166710,20967016,31.5986644,-94.6513633
606,1938543,4834990340,Blooming Grove CCD,Z5,409681535,13882506,32.0445109,-96.7464399
607,1938651,4834990865,Corsicana CCD,Z5,807819712,120994773,32.0541575,-96.4392603
608,1938671,4834990965,Dawson CCD,Z5,603094419,14139500,31.881718,-96.5792715
609,1938882,4834992005,Kerens CCD,Z5,430957948,44190460,32.1083877,-96.2079546
610,1939126,4834993225,Rice CCD,Z5,363562691,4408170,32.2275804,-96.3976731
611,1938581,4835190530,Burkeville CCD,Z5,779155722,9905672,31.0598112,-93.7054610
612,1938590,4835190575,Call CCD,Z5,485357049,2214858,30.552529,-93.7971206
613,1938685,4835191035,Deweyville CCD,Z5,296202703,605235,30.3242071,-93.8198013
614,1939031,4835192750,Newton CCD,Z5,857497072,2946381,30.8143284,-93.7135949
615,1938540,4835390325,Blackwell-Nolan CCD,Z5,762730378,694742,32.2288554,-100.2961248
616,1939146,4835393325,Roscoe CCD,Z5,1071810911,821986,32.2886874,-100.5397470
617,1939244,4835393810,Sweetwater CCD,Z5,527520453,3535431,32.4442471,-100.3446966
618,1938538,4835590315,Bishop CCD,Z5,455900349,1251195,27.7014773,-97.8172236
619,1938648,4835590850,Corpus Christi CCD,Z5,771634707,145581080,27.701396,-97.4379228
620,1938649,4835590855,Corpus Christi West CCD,Z5,423587061,5118380,27.8489727,-97.7748104
621,1938694,4835591080,Driscoll CCD,Z5,396924190,152370,27.6310278,-97.6623703
622,1939100,4835593095,Port Aransas CCD,Z5,95731645,693213388,27.7542524,-97.1733853
623,1939135,4835593270,Robstown CCD,Z5,29391341,0,27.7966994,-97.6605919
624,1939082,4835793005,Perryton East CCD,Z5,1208180092,687119,36.2657828,-100.6814955
625,1939083,4835793010,Perryton West CCD,Z5,1168611971,644659,36.2681713,-100.9550241
626,1939287,4835990017,Adrian CCD,Z5,1605399312,240483,35.3825911,-102.8631698
627,1939286,4835994018,Vega CCD,Z5,2280937802,2099233,35.4860193,-102.3984970
628,1938563,4836190440,Bridge City-Orangefield CCD,Z5,174807523,86085431,30.0218661,-93.8837695
629,1938977,4836192480,Mauriceville CCD,Z5,185913185,7446198,30.1881352,-93.8170037
630,1939062,4836192905,Orange CCD,Z5,162659183,10678625,30.1056423,-93.7757556
631,1939292,4836194050,Vidor CCD,Z5,341121153,14266205,30.1662484,-93.9868931
632,1938796,4836391595,Graford CCD,Z5,625211559,44185321,32.9307201,-98.3167295
633,1939000,4836392595,Mineral Wells CCD,Z5,312595503,5002985,32.7833224,-98.1246806
634,1939071,4836392950,Palo Pinto-Santo CCD,Z5,736090915,16848017,32.6802416,-98.2112753
635,1939236,4836393770,Strawn-Gordon CCD,Z5,793192717,19327824,32.6732658,-98.4858987
636,1938522,4836590235,Beckville CCD,Z5,403083615,4110864,32.2538814,-94.4615719
637,1938603,4836590640,Carthage CCD,Z5,326922294,1849312,32.159102,-94.3413137
638,1938672,4836590970,De Berry-Deadwood CCD,Z5,754098019,3769528,32.2192078,-94.1398772
639,1938772,4836591475,Gary City CCD,Z5,333571362,1789076,32.0466561,-94.2589920
640,1938934,4836592265,Long Branch-Dotson CCD,Z5,283725610,14291843,32.0304973,-94.4923955
641,1939222,4836793701,Springtown-Reno CCD,Z5,507647818,2132921,32.8897425,-97.6727388
642,1939301,4836794095,Weatherford CCD,Z5,791884871,6091740,32.6730421,-97.8918648
643,1939302,4836794100,Weatherford Northwest CCD,Z5,619631510,3337034,32.9073221,-97.9168347
644,1939303,4836794105,Weatherford Southeast CCD,Z5,421459822,4948399,32.6817765,-97.6420009
645,1938737,4836991300,Farwell-Bovina CCD,Z5,1362164795,6111865,34.4465616,-102.8116725
646,1938759,4836991410,Friona CCD,Z5,919147354,5243897,34.648277,-102.7510110
647,1938752,4837191375,Fort Stockton CCD,Z5,8831310086,171946,30.6781932,-102.7986785
648,1938855,4837191870,Imperial CCD,Z5,2047517267,2360329,31.1679473,-102.8620556
649,1938858,4837191885,Iraan CCD,Z5,1459447583,0,30.8354239,-102.0618678
650,1938650,4837390860,Corrigan CCD,Z5,773289488,696144,30.999805,-94.8131530
651,1938926,4837392226,Livingston-Onalaska CCD,Z5,1964443752,135575476,30.7204093,-94.8362451
652,1938488,4837590065,Amarillo CCD,Z5,309485675,5006785,35.2351324,-101.7919801
653,1938597,4837590610,Canadian River Breaks CCD,Z5,2043233058,30183300,35.4137864,-101.9113636
654,1938961,4837792400,Marfa CCD,Z5,6796350213,1639941,30.1747692,-104.2918021
655,1939110,4837793145,Presidio CCD,Z5,3188707235,133247,29.6262903,-104.1295422
656,1938725,4837991235,Emory CCD,Z5,340962391,27484758,32.8567125,-95.7243550
657,1939096,4837993075,Point CCD,Z5,253319241,48594168,32.8844228,-95.8696022
658,1938489,4838190070,Amarillo CCD,Z5,880471408,13767649,35.092782,-101.8977595
659,1938600,4838190625,Canyon CCD,Z5,1483437869,11435512,34.8969881,-101.8965146
660,1938533,4838390290,Big Lake CCD,Z5,3044049120,1792716,31.3751911,-101.5143954
661,1938595,4838590600,Camp Wood-Leakey CCD,Z5,1810812879,2346259,29.8300967,-99.8125490
662,1938496,4838790105,Annona-Avery CCD,Z5,808649385,7822597,33.5733486,-94.8593998
663,1938548,4838790365,Bogata CCD,Z5,534775847,10550814,33.4636128,-95.1617574
664,1938625,4838790735,Clarksville CCD,Z5,567060226,7338337,33.6210747,-95.0579839
665,1938683,4838791025,Detroit CCD,Z5,265021943,965953,33.6721442,-95.2273138
666,1938958,4838792385,Manchester CCD,Z5,528169844,6577379,33.8461237,-95.1267118
667,1938513,4838990190,Balmorhea CCD,Z5,2063363922,2397965,31.0333498,-103.6476675
668,1939079,4838992990,Pecos CCD,Z5,4762170396,14998707,31.4719183,-103.7017613
669,1938509,4839190170,Austwell-Tivoli CCD,Z5,1034261022,78857551,28.3607475,-97.0634400
670,1939125,4839193220,Refugio CCD,Z5,476814361,5626153,28.4408535,-97.2197548
671,1939337,4839194275,Woodsboro CCD,Z5,484470174,39205055,28.185211,-97.3544367
672,1938992,4839392555,Miami CCD,Z5,2393298442,346846,35.838596,-100.8366824
673,1938561,4839590430,Bremond CCD,Z5,368662811,6152942,31.1218156,-96.6522896
674,1938592,4839590585,Calvert CCD,Z5,235706924,1549133,31.0177152,-96.6589908
675,1938754,4839591385,Franklin CCD,Z5,1204706010,15124285,31.062044,-96.4215296
676,1938831,4839591750,Hearne CCD,Z5,405764589,4506625,30.8348961,-96.5901618
677,1939041,4839792800,Northeast Rockwall CCD,Z5,101744240,1155850,32.9447053,-96.3579664
678,1939052,4839792855,Northwest Rockwall CCD,Z5,52566373,32996303,32.9354529,-96.4738090
679,1939215,4839793665,South Rockwall CCD,Z5,175150690,22120292,32.8577821,-96.4069485
680,1938512,4839990185,Ballinger CCD,Z5,885079167,9509472,31.7761641,-99.8944628
681,1938998,4839992585,Miles CCD,Z5,278150737,28355,31.6750761,-100.1708752
682,1939152,4839993350,Rowena CCD,Z5,337917017,2120753,31.6303251,-99.9748110
683,1939335,4839994265,Winters CCD,Z5,1221112402,3946208,31.9739648,-99.9894106
684,1938836,4840191775,Henderson CCD,Z5,472647663,1134930,32.1711046,-94.7979254
685,1938886,4840192025,Kilgore CCD,Z5,184244376,3241170,32.3443966,-94.8441216
686,1938908,4840192135,Laneville CCD,Z5,517079892,2781254,31.934281,-94.8431559
687,1939013,4840192660,Mount Enterprise CCD,Z5,348947541,988581,31.9050592,-94.6118401
688,1939066,4840192925,Overton CCD,Z5,131229421,33848,32.2750691,-94.9137477
689,1939089,4840193040,Pinehill CCD,Z5,315402870,11999440,32.0981488,-94.6459030
690,1938601,4840193148,Price-Turnertown CCD,Z5,167269452,471358,32.1282842,-94.9451154
691,1939250,4840193840,Tatum CCD,Z5,256842004,16566617,32.3168502,-94.6103594
692,1938834,4840391765,Hemphill CCD,Z5,547297703,133716507,31.2806236,-93.7858765
693,1938997,4840392580,Milam CCD,Z5,373878065,63508864,31.48463,-93.8605075
694,1939090,4840393045,Pineland CCD,Z5,352347647,22710691,31.2867726,-93.9758837
695,1938566,4840590455,Broaddus CCD,Z5,600099299,155126070,31.2654168,-94.1550864
696,1939165,4840593415,San Augustine CCD,Z5,774301064,4518618,31.5113871,-94.1589426
697,1938633,4840790775,Coldspring CCD,Z5,217029695,52461942,30.5953959,-95.1170706
698,1939097,4840793080,Point Blank CCD,Z5,342973710,90947398,30.7522227,-95.2502295
699,1939193,4840793555,Shepherd-Evergreen CCD,Z5,914328864,8539892,30.489911,-95.1501194
700,1938500,4840990125,Aransas Pass-Ingleside CCD,Z5,85565688,2094566,27.8842841,-97.1972196
701,1938975,4840992470,Mathis CCD,Z5,401661896,20876367,28.0505684,-97.7664375
702,1938806,4840993103,Portland-Gregory CCD,Z5,239423852,3010777,27.94406,-97.2922263
703,1939198,4840993580,Sinton-Odem CCD,Z5,617182505,9112413,28.0224856,-97.5779642
704,1939245,4840993815,Taft CCD,Z5,452157000,2483266,28.0122886,-97.3967832
705,1939170,4841193231,Richland Springs CCD,Z5,987447401,2817502,31.3341426,-98.8614486
706,1939171,4841193439,San Saba CCD,Z5,1952999762,5482709,31.0693309,-98.7854292
707,1938715,4841391185,Eldorado East CCD,Z5,1890741130,64971,30.9110088,-100.3594283
708,1938716,4841391190,Eldorado West CCD,Z5,1503804938,22430,30.9109253,-100.7885795
709,1938745,4841591339,Fluvanna-Ira CCD,Z5,826996045,3207841,32.7266548,-101.0847575
710,1938840,4841591795,Hermleigh CCD,Z5,335088419,201359,32.6222463,-100.7440574
711,1939203,4841593605,Snyder CCD,Z5,1183006010,2027757,32.8059799,-100.8530504
712,1938481,4841790030,Albany CCD,Z5,2064509024,2425059,32.74464,-99.3812324
713,1939009,4841792640,Moran CCD,Z5,303480230,843150,32.5993907,-99.1837725
714,1938479,4841990020,Aiken-Neuville CCD,Z5,382587711,2447958,31.7014842,-94.2094372
715,1938612,4841990670,Center CCD,Z5,368645126,4785540,31.8219722,-94.1766403
716,1939192,4841993550,Shelbyville CCD,Z5,562226286,58992366,31.7113167,-93.9428529
717,1939254,4841993860,Tenaha-Joaquin CCD,Z5,358941753,32103021,31.9162255,-94.1111153
718,1939267,4841993925,Timpson CCD,Z5,388165590,2752792,31.8733427,-94.3938628
719,1939235,4842193759,Stratford CCD,Z5,986047188,143992,36.2828371,-102.0560684
720,1939234,4842193883,Texhoma CCD,Z5,1404148419,281437,36.2808061,-101.7697002
721,1938578,4842390515,Bullard CCD,Z5,241396695,23120519,32.2031553,-95.3796982
722,1938923,4842392210,Lindale CCD,Z5,532329165,10142232,32.5229631,-95.4625794
723,1939272,4842393950,Troup-Arp CCD,Z5,286594640,17959947,32.2171948,-95.0869194
724,1939276,4842393970,Tyler CCD,Z5,426014098,6776402,32.382619,-95.3289339
725,1939277,4842393975,Tyler East CCD,Z5,380531692,5032617,32.3580971,-95.0999107
726,1939323,4842394205,Whitehouse CCD,Z5,183299761,5793476,32.2156436,-95.2395720
727,1939334,4842394260,Winona CCD,Z5,336438238,4338469,32.4995695,-95.1555315
728,1938784,4842591535,Glen Rose CCD,Z5,482714491,14210911,32.2180714,-97.7692170
729,1938899,4842792090,La Grulla CCD,Z5,495779637,2964832,26.3999863,-98.6079225
730,1939129,4842793239,Rio Grande City CCD,Z5,1876185237,3200761,26.5985884,-98.6468587
731,1939144,4842793315,Roma-Los Saenz CCD,Z5,796054361,9180781,26.5733097,-98.9627597
732,1938559,4842990420,Breckenridge North CCD,Z5,1140869922,52245816,32.8477997,-98.8234128
733,1938560,4842990425,Breckenridge South CCD,Z5,1181627309,11901889,32.6317598,-98.8567321
734,1939231,4843193745,Sterling City CCD,Z5,2391722770,167451,31.8357735,-101.0549114
735,1938504,4843390145,Aspermont North CCD,Z5,1252585438,5119178,33.27704,-100.2368614
736,1938505,4843390150,Aspermont South CCD,Z5,1120653262,5058209,33.0768442,-100.2597244
737,1939205,4843593615,Sonora CCD,Z5,470740464,1247229,30.6267405,-100.6762609
738,1939206,4843593620,Sonora Rural CCD,Z5,3294934311,29837,30.4781014,-100.5174078
739,1938821,4843791700,Happy CCD,Z5,565770321,6575840,34.6902895,-101.7471088
740,1938893,4843792060,Kress CCD,Z5,810320795,8384826,34.390946,-101.7161755
741,1939273,4843793955,Tulia CCD,Z5,929411589,12317322,34.5542071,-101.7536506
742,1938502,4843990135,Arlington CCD,Z5,457835274,12760884,32.6667392,-97.1299771
743,1938753,4843991380,Fort Worth CCD,Z5,1235298645,73096460,32.753407,-97.3856595
744,1939042,4843992805,Northeast Tarrant CCD,Z5,547944485,13925156,32.900904,-97.1898733
745,1938477,4844190010,Abilene CCD,Z5,489496939,4309700,32.4242298,-99.7469645
746,1938870,4844191945,Jim Ned CCD,Z5,1180053989,5028601,32.2028127,-99.8614564
747,1938988,4844192535,Merkel CCD,Z5,701677337,422010,32.3991003,-100.0146292
748,1938706,4844391140,East Terrell CCD,Z5,4553114312,258680,30.2522192,-101.9870834
749,1939317,4844394175,West Terrell CCD,Z5,1553967479,802,30.12466,-102.3218205
750,1938569,4844590470,Brownfield CCD,Z5,1638407636,2839699,33.1083848,-102.3350117
751,1938980,4844592495,Meadow CCD,Z5,663675654,2604161,33.3195982,-102.3352473
752,1939264,4844793910,Throckmorton CCD,Z5,1955337369,6794746,33.2121987,-99.2443700
753,1939338,4844794280,Woodson CCD,Z5,408162075,791440,33.036872,-99.0488066
754,1938644,4844990830,Cookville CCD,Z5,269636796,8749077,33.1358408,-94.8713158
755,1939014,4844992665,Mount Pleasant CCD,Z5,291404175,7925394,33.2177092,-94.9555777
756,1939247,4844993825,Talco CCD,Z5,316465113,3937275,33.3348305,-94.9909174
757,1939329,4844994235,Winfield CCD,Z5,174194165,30099442,33.1493193,-95.0799913
758,1938707,4845191145,East Tom Green CCD,Z5,1698819167,286561,31.386848,-100.2761085
759,1939163,4845193405,San Angelo CCD,Z5,153832403,94534,31.4600754,-100.4321555
760,1939318,4845194180,West Tom Green CCD,Z5,2089313836,47696220,31.4245108,-100.6210634
761,1938508,4845390165,Austin CCD,Z5,1212459009,14405972,30.2395128,-97.6912697
762,1939268,4845392807,Northeast Travis CCD,Z5,372008460,163930,30.412887,-97.5373132
763,1939269,4845392857,Northwest Travis CCD,Z5,543919793,36886820,30.4784536,-97.9409157
764,1939270,4845393688,Southwest Travis CCD,Z5,446197138,28765447,30.3389736,-98.0115130
765,1938499,4845590120,Apple Springs CCD,Z5,823803282,915699,31.1607071,-95.0038061
766,1938783,4845591530,Glendale CCD,Z5,386356011,13363009,31.0113591,-95.3309378
767,1938808,4845591655,Groveton CCD,Z5,521440071,16414236,31.0555198,-95.1696552
768,1939271,4845593945,Trinity CCD,Z5,65321362,21567847,30.9135413,-95.3376652
769,1938635,4845790785,Colmesneil-Chester CCD,Z5,728933526,12739603,30.9522771,-94.4425644
770,1939224,4845793710,Spurger CCD,Z5,668535186,12276500,30.6828972,-94.2158584
771,1939297,4845794075,Warren CCD,Z5,394285965,573104,30.6057245,-94.4487246
772,1939339,4845794285,Woodville CCD,Z5,602404007,3504304,30.7627867,-94.4375822
773,1938531,4845990280,Bettie CCD,Z5,364052603,2974551,32.8412548,-95.0114585
774,1938534,4845990295,Big Sandy CCD,Z5,276105151,3797657,32.6165537,-95.0671179
775,1938780,4845991515,Gilmer CCD,Z5,336674027,4919138,32.7166515,-94.9908238
776,1938782,4845991525,Gladewater CCD,Z5,175399904,4159760,32.6182675,-94.8726727
777,1939065,4845992920,Ore City CCD,Z5,357679149,9027006,32.7953058,-94.7711229
778,1938950,4846192345,McCamey CCD,Z5,1068357009,161,31.345993,-102.2078283
779,1939120,4846193195,Rankin CCD,Z5,2146653589,464148,31.3821439,-101.9606010
780,1939157,4846393375,Sabinal CCD,Z5,1095744797,4341605,29.4380367,-99.5286644
781,1939278,4846393980,Uvalde CCD,Z5,2923710948,13044296,29.2986949,-99.8214201
782,1938677,4846590995,Del Rio CCD,Z5,527633259,29100966,29.3845505,-100.8681063
783,1938678,4846591000,Del Rio Northeast CCD,Z5,3605064796,75307033,29.8995453,-100.9115799
784,1938679,4846591005,Del Rio Northwest CCD,Z5,4012165911,123303026,29.9631353,-101.4096647
785,1938529,4846790270,Ben Wheeler-Edom CCD,Z5,363864241,6143853,32.4126958,-95.6682458
786,1938599,4846790620,Canton CCD,Z5,330693373,4620000,32.5513085,-95.8779675
787,1938608,4846790654,Cedar Creek Lake CCD,Z5,396899654,5381112,32.437225,-95.9624602
788,1938711,4846791165,Edgewood CCD,Z5,178898295,1690899,32.7065436,-95.8735358
789,1938801,4846791620,Grand Saline CCD,Z5,328562623,6559222,32.652345,-95.7311310
790,1939282,4846794000,Van CCD,Z5,211035775,3855455,32.53263,-95.6710884
791,1939327,4846794225,Wills Point CCD,Z5,372296374,15899213,32.7166717,-95.9989963
792,1939289,4846994035,Victoria CCD,Z5,908087566,655173,28.8994682,-96.9735496
793,1939290,4846994040,Victoria South CCD,Z5,564393933,5589200,28.7395055,-96.8209657
794,1939291,4846994045,Victoria West CCD,Z5,812163385,11181571,28.71215,-97.0770088
795,1938853,4847191860,Huntsville CCD,Z5,1034426234,17094744,30.7050371,-95.6655801
796,1939032,4847192755,New Waverly CCD,Z5,351242238,3892102,30.6103673,-95.4205916
797,1939132,4847193255,Riverside CCD,Z5,645457853,23758911,30.8598617,-95.4785202
798,1938568,4847390465,Brookshire CCD,Z5,451838163,4382365,29.8567722,-95.9773131
799,1938835,4847391770,Hempstead CCD,Z5,389208098,6742522,30.0930296,-96.0722182
800,1939295,4847393137,Prairie View-Waller CCD,Z5,488385303,703086,30.0775485,-95.9358141
801,1938516,4847590205,Barstow-Pyote CCD,Z5,1010067331,52171,31.524724,-103.2918354
802,1938800,4847591615,Grandfalls CCD,Z5,300270923,235262,31.3602829,-102.8526584
803,1939002,4847592605,Monahans CCD,Z5,853862807,336773,31.5361293,-102.9566060
804,1938562,4847790435,Brenham CCD,Z5,257576565,3059247,30.1643224,-96.4058505
805,1938585,4847790550,Burton CCD,Z5,433336346,20685480,30.1752627,-96.6140000
806,1938775,4847791490,Gay Hill-Independence CCD,Z5,359697264,11509210,30.2913723,-96.4103599
807,1939298,4847794080,Washington-Chappell Hill CCD,Z5,514245310,10217383,30.2277955,-96.2145460
808,1938910,4847992145,Laredo CCD,Z5,86218566,1005569,27.5438975,-99.4846562
809,1939304,4847992146,Laredo North-Webb CCD,Z5,5766056029,24196057,27.9177476,-99.4482784
810,1938573,4847992147,Laredo South-El Cenizo CCD,Z5,2853912684,11352929,27.4722906,-99.0896536
811,1939029,4848190368,Boling-Newgulf CCD,Z5,345204321,5042053,29.2399484,-95.9857309
812,1939043,4848191112,East Bernard CCD,Z5,696830871,5743286,29.4748207,-96.1823035
813,1938714,4848191180,El Campo CCD,Z5,773087229,4907676,29.1944331,-96.2182826
814,1938942,4848192305,Louise CCD,Z5,747186709,2717126,29.1701887,-96.4333548
815,1939319,4848194185,Wharton CCD,Z5,250785950,2899862,29.3371939,-96.0741505
816,1939191,4848393545,Shamrock CCD,Z5,797473293,841283,35.2650435,-100.3246020
817,1939320,4848394190,Wheeler CCD,Z5,1571155939,1614629,35.465224,-100.2470734
818,1938580,4848590525,Burkburnett CCD,Z5,235522131,250436,34.0890125,-98.6055137
819,1938717,4848591195,Electra CCD,Z5,637460175,1667775,34.0006139,-98.8567394
820,1938857,4848591880,Iowa Park CCD,Z5,248967284,7113213,33.9882125,-98.7080098
821,1939325,4848594215,Wichita Falls CCD,Z5,503510377,4612742,33.9265249,-98.5448707
822,1938735,4848791290,Fargo-Odell CCD,Z5,719358598,1623790,34.2723529,-99.3442624
823,1938827,4848791730,Harrold-Oklaunion CCD,Z5,989716416,7193093,34.0270041,-99.0695267
824,1938929,4848792240,Lockett CCD,Z5,709742323,9248348,33.9711443,-99.3582577
825,1939288,4848794030,Vernon CCD,Z5,95920761,137434,34.138069,-99.3024746
826,1938912,4848992155,Lasara CCD,Z5,286299447,16186576,26.5188648,-97.8879133
827,1938948,4848992335,Lyford CCD,Z5,198658134,1920135,26.4046271,-97.7275193
828,1939122,4848993205,Raymondville CCD,Z5,162643124,500725,26.4852906,-97.7668022
829,1939169,4848993435,San Perlita CCD,Z5,739156645,483409952,26.50447,-97.4569425
830,1939181,4848993495,Sebastian CCD,Z5,142894864,867392,26.342102,-97.6967706
831,1938921,4849190657,Cedar Park-Liberty Hill CCD,Z5,305924342,1982106,30.5940405,-97.8858665
832,1938742,4849191325,Florence CCD,Z5,526197698,1921097,30.7910533,-97.8266879
833,1938803,4849191630,Granger CCD,Z5,321295004,13522933,30.7286868,-97.4310089
834,1938864,4849191915,Jarrell CCD,Z5,290445250,1297712,30.756257,-97.5977068
835,1938776,4849193343,Round Rock-Georgetown CCD,Z5,477785185,8037262,30.5943034,-97.7279290
836,1939251,4849193845,Taylor CCD,Z5,968345972,14810070,30.5535372,-97.3882276
837,1938743,4849391330,Floresville CCD,Z5,802402315,4185760,29.1736838,-98.2140957
838,1938913,4849392160,La Vernia CCD,Z5,296350661,1204531,29.330494,-98.0867709
839,1939106,4849393125,Poth CCD,Z5,432462296,3379441,29.0332424,-98.0993546
840,1939233,4849393755,Stockdale CCD,Z5,550447378,3341775,29.2274722,-97.9073646
841,1938883,4849592010,Kermit CCD,Z5,1714701936,19838,31.9011647,-102.9847264
842,1939330,4849594240,Wink CCD,Z5,464174229,0,31.726987,-103.1822406
843,1938487,4849790060,Alvord CCD,Z5,207556846,499865,33.3740412,-97.6678087
844,1938554,4849790395,Boyd-Rhome CCD,Z5,423500105,2811670,33.0631495,-97.5501810
845,1938564,4849790445,Bridgeport CCD,Z5,927818298,41638310,33.2065698,-97.8086801
846,1938673,4849790975,Decatur CCD,Z5,783493861,2089145,33.2742238,-97.5284978
847,1938480,4849990025,Alba CCD,Z5,158271057,29399594,32.7741362,-95.5799356
848,1938829,4849991740,Hawkins CCD,Z5,373137896,10639291,32.6544144,-95.2459127
849,1938999,4849992590,Mineola CCD,Z5,220575398,6698758,32.681318,-95.4588026
850,1939117,4849993180,Quitman CCD,Z5,536418019,74820629,32.8450849,-95.4669655
851,1939333,4849994255,Winnsboro CCD,Z5,382769785,9172928,32.8809983,-95.2535088
852,1938681,4850191015,Denver City CCD,Z5,496459113,34329,33.0171394,-102.7927450
853,1939092,4850193055,Plains CCD,Z5,1574793366,0,33.2213919,-102.8393127
854,1938797,4850391600,Graham CCD,Z5,1023223520,31273900,33.060398,-98.6525022
855,1938868,4850391935,Jean-Loving CCD,Z5,390128158,2406319,33.3067739,-98.5326010
856,1939028,4850392735,Newcastle CCD,Z5,605549265,5981107,33.18589,-98.8218093
857,1939060,4850392895,Olney CCD,Z5,349638814,2710543,33.3467706,-98.7887140
858,1939173,4850593455,San Ygnacio CCD,Z5,598532497,8194653,27.1688872,-99.3386073
859,1939344,4850594310,Zapata CCD,Z5,1987343545,146176507,26.9504649,-99.1239408
860,1938518,4850790215,Batesville CCD,Z5,1114210116,2902034,28.9571943,-99.6124226
861,1938662,4850790920,Crystal City CCD,Z5,1655283727,6204639,28.7619558,-99.7906493
862,1938909,4850792140,La Pryor CCD,Z5,590775035,2102034,28.9805911,-99.9520921