County,Tract,GEOID,Area,Population
Harris,1000,48201100000,1.469491,5063
Harris,2101,48201210100,0.255804,6820
Harris,2104,48201210400,0.700509,4403
Harris,2105,48201210500,0.830878,5479
Harris,2106,48201210600,0.901076,5273
Harris,2107,48201210700,0.435842,2657
Harris,2108,48201210800,1.413312,2709
Harris,2109,48201210900,0.486722,1209
Harris,2110,48201211000,0.432305,1941
Harris,2111,48201211100,0.922199,5953
Harris,2112,48201211200,0.657481,2362
Harris,2113,48201211300,1.06487,5303
Harris,2114,48201211400,1.39702,3837
Harris,2115,48201211500,2.334278,6929
Harris,2116,48201211600,0.449617,2749
Harris,2117,48201211700,1.715113,3990
Harris,2119,48201211900,0.481672,5478
Harris,2123,48201212300,1.241177,4644
Harris,2124,48201212400,3.136859,2715
Harris,2125,48201212500,4.163807,3980
Harris,2201,48201220100,0.685091,2208
Harris,2202,48201220200,0.569959,2609
Harris,2203,48201220300,0.764664,4334
Harris,2204,48201220400,0.73559,4190
Harris,2205,48201220500,0.927441,3606
Harris,2206,48201220600,0.641278,3940
Harris,2207,48201220700,1.607254,6554
Harris,2208,48201220800,0.669751,3740
Harris,2209,48201220900,0.578129,1796
Harris,2210,48201221000,0.957382,4205
Harris,2211,48201221100,1.181934,3830
Harris,2212,48201221200,0.965491,6732
Harris,2213,48201221300,1.325082,9920
Harris,2214,48201221400,0.779692,5977
Harris,2215,48201221500,0.872781,8350
Harris,2216,48201221600,2.224076,9861
Harris,2217,48201221700,2.054181,8240
Harris,2218,48201221800,1.212851,4000
Harris,2219,48201221900,1.028599,4790
Harris,2220,48201222000,0.438822,2376
Harris,2221,48201222100,0.8823,5617
Harris,2222,48201222200,1.151109,3717
Harris,2223,48201222300,1.928671,4920
Harris,2224,48201222400,3.519768,9680
Harris,2225,48201222500,2.326373,15461
Harris,2226,48201222600,1.011935,5109
Harris,2227,48201222700,2.734162,5773
Harris,2228,48201222800,2.597959,3148
Harris,2229,48201222900,2.23942,7548
Harris,2230,48201223000,1.484317,8335
Harris,2231,48201223100,1.834647,2336
Harris,2301,48201230100,0.525183,1169
Harris,2302,48201230200,3.003669,4937
Harris,2303,48201230300,0.673531,2257
Harris,2304,48201230400,1.109874,3423
Harris,2305,48201230500,1.335926,3737
Harris,2306,48201230600,0.836496,2827
Harris,2307,48201230700,1.04185,2873
Harris,2308,48201230800,0.715016,2523
Harris,2309,48201230900,2.454651,4227
Harris,2310,48201231000,1.590851,4440
Harris,2311,48201231100,4.270044,4867
Harris,2312,48201231200,5.360946,6998
Harris,2313,48201231300,1.856963,4615
Harris,2314,48201231400,1.29229,2645
Harris,2315,48201231500,0.447722,3000
Harris,2316,48201231600,0.642788,3136
Harris,2317,48201231700,1.63334,3443
Harris,2318,48201231800,1.083611,2925
Harris,2319,48201231900,3.39602,7687
Harris,2320,48201232000,6.157571,4632
Harris,2321,48201232100,1.239995,3504
Harris,2322,48201232200,7.657451,17871
Harris,2323,48201232300,14.556736,23812
Harris,2324,48201232400,6.976076,17686
Harris,2325,48201232500,4.419536,4300
Harris,2326,48201232600,2.36272,3210
Harris,2327,48201232700,3.49158,14353
Harris,2328,48201232800,0.763519,5691
Harris,2329,48201232900,1.261569,7170
Harris,2330,48201233000,1.421417,11512
Harris,2331,48201233100,2.243421,16925
Harris,2332,48201233200,1.216498,6380
Harris,2333,48201233300,4.024408,4588
Harris,2334,48201233400,1.006941,2719
Harris,2335,48201233500,1.077021,8028
Harris,2336,48201233600,1.380144,2095
Harris,2337,48201233700,6.319289,11031
Harris,2401,48201240100,1.384269,3716
Harris,2404,48201240400,8.067112,8110
Harris,2405,48201240500,1.515916,12076
Harris,2406,48201240600,0.944181,2792
Harris,2407,48201240700,6.816244,29580
Harris,2408,48201240800,5.81367,12245
Harris,2409,48201240900,6.841652,26906
Harris,2410,48201241000,6.61595,8901
Harris,2411,48201241100,4.410194,21397
Harris,2412,48201241200,1.895925,7660
Harris,2413,48201241300,6.614533,11354
Harris,2414,48201241400,4.198754,9781
Harris,2415,48201241500,12.847766,8448
Harris,2501,48201250100,5.466195,9043
Harris,2502,48201250200,2.3081,10730
Harris,2503,48201250300,6.441211,22658
Harris,2504,48201250400,9.405604,34053
Harris,2505,48201250500,1.760808,6372
Harris,2506,48201250600,5.407599,8403
Harris,2507,48201250700,7.918837,10580
Harris,2508,48201250800,2.679108,9037
Harris,2509,48201250900,4.438473,9902
Harris,2510,48201251000,2.989092,3094
Harris,2511,48201251100,4.050167,7459
Harris,2512,48201251200,1.336828,6572
Harris,2513,48201251300,2.523493,7108
Harris,2514,48201251400,1.495759,9139
Harris,2515,48201251500,9.381247,17746
Harris,2516,48201251600,22.384614,6551
Harris,2517,48201251700,27.585415,8266
Harris,2518,48201251800,13.982684,2148
Harris,2519,48201251900,22.685346,16279
Harris,2520,48201252000,15.571925,19799
Harris,2521,48201252100,8.958179,2274
Harris,2522,48201252200,8.379748,9502
Harris,2523,48201252300,4.021245,23472
Harris,2524,48201252400,2.054658,6947
Harris,2525,48201252500,11.685884,3779
Harris,2526,48201252600,12.903905,8501
Harris,2527,48201252700,18.15063,4157
Harris,2528,48201252800,23.554629,6917
Harris,2529,48201252900,5.43505,8103
Harris,2530,48201253000,5.785867,4464
Harris,2531,48201253100,11.141338,11333
Harris,2532,48201253200,14.036999,10564
Harris,2533,48201253300,2.987994,3524
Harris,2534,48201253400,4.945194,635
Harris,2535,48201253500,2.25999,9964
Harris,2536,48201253600,2.124735,7093
Harris,2537,48201253700,1.570057,5806
Harris,2538,48201253800,2.914071,8252
Harris,2539,48201253900,1.698399,4218
Harris,2540,48201254000,0.99099,3967
Harris,2541,48201254100,1.23493,5375
Harris,2542,48201254200,0.486573,2639
Harris,2543,48201254300,1.165247,5221
Harris,2544,48201254400,1.062535,3012
Harris,2545,48201254500,1.901732,1843
Harris,2546,48201254600,1.9204,3446
Harris,2547,48201254700,5.490398,2461
Harris,3101,48201310100,1.28669,5327
Harris,3102,48201310200,0.720754,1830
Harris,3103,48201310300,0.868389,4859
Harris,3104,48201310400,0.659651,3554
Harris,3105,48201310500,1.161638,4507
Harris,3106,48201310600,0.685648,5874
Harris,3107,48201310700,0.751447,4302
Harris,3108,48201310800,0.733433,2604
Harris,3109,48201310900,0.671897,5322
Harris,3110,48201311000,0.897289,6175
Harris,3111,48201311100,0.947406,5365
Harris,3112,48201311200,1.139125,4875
Harris,3113,48201311300,0.565499,5148
Harris,3114,48201311400,0.903843,1541
Harris,3115,48201311500,0.897982,7433
Harris,3116,48201311600,0.189651,3798
Harris,3117,48201311700,1.060908,5860
Harris,3118,48201311800,0.945804,4465
Harris,3119,48201311900,0.800948,2600
Harris,3120,48201312000,0.708052,5287
Harris,3121,48201312100,0.51647,3879
Harris,3122,48201312200,0.419706,2002
Harris,3123,48201312300,0.544816,1894
Harris,3124,48201312400,0.417954,2212
Harris,3125,48201312500,0.691399,3325
Harris,3126,48201312600,0.834329,7365
Harris,3127,48201312700,0.311273,2386
Harris,3128,48201312800,0.36096,2514
Harris,3129,48201312900,0.549566,4022
Harris,3130,48201313000,0.42421,2603
Harris,3131,48201313100,1.498589,3561
Harris,3132,48201313200,1.179203,4002
Harris,3133,48201313300,0.876399,2444
Harris,3134,48201313400,0.717412,3152
Harris,3135,48201313500,0.628411,2862
Harris,3136,48201313600,0.894413,4620
Harris,3137,48201313700,0.510843,2265
Harris,3138,48201313800,0.851451,4763
Harris,3139,48201313900,1.064013,4554
Harris,3140,48201314000,1.252171,9456
Harris,3143,48201314300,0.581977,4263
Harris,3144,48201314400,0.914974,3670
Harris,3201,48201320100,0.380056,2822
Harris,3202,48201320200,1.540255,5548
Harris,3205,48201320500,2.136801,4585
Harris,3206,48201320600,1.110667,7515
Harris,3207,48201320700,1.329743,4439
Harris,3208,48201320800,1.128047,5175
Harris,3209,48201320900,0.894848,7272
Harris,3210,48201321000,1.53008,9294
Harris,3211,48201321100,2.132411,8514
Harris,3212,48201321200,1.143265,3747
Harris,3213,48201321300,0.6084,7091
Harris,3214,48201321400,1.55402,9487
Harris,3215,48201321500,0.363474,2965
Harris,3216,48201321600,1.115023,6862
Harris,3217,48201321700,0.745094,3307
Harris,3218,48201321800,0.503833,4274
Harris,3219,48201321900,0.953136,5525
Harris,3220,48201322000,0.269693,5442
Harris,3221,48201322100,0.839533,4252
Harris,3222,48201322200,0.364848,1660
Harris,3226,48201322600,0.957146,5772
Harris,3227,48201322700,0.798779,7850
Harris,3228,48201322800,1.201242,6625
Harris,3229,48201322900,0.641593,3972
Harris,3230,48201323000,0.54025,7422
Harris,3231,48201323100,0.791418,3797
Harris,3232,48201323200,0.8133,5814
Harris,3233,48201323300,0.505947,3807
Harris,3234,48201323400,0.768248,8035
Harris,3235,48201323500,1.03158,5905
Harris,3236,48201323600,1.953819,7829
Harris,3237,48201323700,1.301588,7652
Harris,3238,48201323800,1.447072,8899
Harris,3239,48201323900,1.09555,4197
Harris,3240,48201324000,3.055515,5392
Harris,3241,48201324100,7.309638,5538
Harris,3242,48201324200,2.497092,1146
Harris,3301,48201330100,0.993049,9859
Harris,3302,48201330200,1.711217,4263
Harris,3303,48201330300,5.615869,19426
Harris,3304,48201330400,1.679451,4897
Harris,3305,48201330500,1.04648,5048
Harris,3306,48201330600,1.423562,7355
Harris,3307,48201330700,2.367976,9909
Harris,3308,48201330800,12.025065,12649
Harris,3309,48201330900,3.820455,11862
Harris,3311,48201331100,1.247565,4108
Harris,3312,48201331200,1.369165,3285
Harris,3313,48201331300,1.748623,5460
Harris,3314,48201331400,0.605217,2421
Harris,3315,48201331500,3.583499,9730
Harris,3316,48201331600,3.503101,8817
Harris,3317,48201331700,1.968878,4356
Harris,3318,48201331800,0.891575,4208
Harris,3319,48201331900,0.649349,3665
Harris,3320,48201332000,0.853046,6191
Harris,3321,48201332100,0.41493,3424
Harris,3322,48201332200,1.096794,5229
Harris,3323,48201332300,0.452782,3143
Harris,3324,48201332400,1.408125,3906
Harris,3325,48201332500,0.740876,3108
Harris,3326,48201332600,1.276902,7107
Harris,3327,48201332700,0.977616,2385
Harris,3328,48201332800,0.753221,4821
Harris,3329,48201332900,0.712837,5220
Harris,3330,48201333000,0.576778,3425
Harris,3331,48201333100,0.467628,4052
Harris,3332,48201333200,1.30593,10807
Harris,3333,48201333300,2.661655,10546
Harris,3335,48201333500,0.730474,6360
Harris,3336,48201333600,1.40085,4058
Harris,3337,48201333700,3.453368,3395
Harris,3338,48201333800,3.312459,10980
Harris,3339,48201333900,3.406308,19119
Harris,3340,48201334000,2.095949,13482
Harris,3341,48201334100,10.636258,14543
Harris,3401,48201340100,3.251988,6677
Harris,3402,48201340200,14.511968,11036
Harris,3403,48201340300,2.704255,10749
Harris,3404,48201340400,0.612591,1409
Harris,3405,48201340500,1.083815,6861
Harris,3406,48201340600,0.627567,2505
Harris,3407,48201340700,1.234738,8147
Harris,3408,48201340800,1.114133,5968
Harris,3409,48201340900,1.533622,5036
Harris,3410,48201341000,1.16805,7980
Harris,3411,48201341100,1.789158,4279
Harris,3412,48201341200,4.410644,9076
Harris,3413,48201341300,5.240313,8135
Harris,3414,48201341400,5.182764,5020
Harris,3415,48201341500,2.604219,11056
Harris,3416,48201341600,7.34275,6451
Harris,3417,48201341700,1.017444,3268
Harris,3418,48201341800,1.693066,2061
Harris,3420,48201342000,3.405466,10368
Harris,3421,48201342100,1.717298,4212
Harris,3422,48201342200,1.110783,3772
Harris,3423,48201342300,1.079339,8271
Harris,3424,48201342400,1.287162,3358
Harris,3425,48201342500,2.473217,5641
Harris,3427,48201342700,1.334735,4863
Harris,3428,48201342800,2.8746,8972
Harris,3429,48201342900,2.29511,6231
Harris,3430,48201343000,2.216792,7070
Harris,3431,48201343100,0.778295,4823
Harris,3432,48201343200,1.761955,5233
Harris,3433,48201343300,6.189888,9926
Harris,3436,48201343600,20.920226,2969
Harris,3437,48201343700,15.574763,3268
Harris,3501,48201350100,7.717255,17237
Harris,3502,48201350200,1.367953,8691
Harris,3503,48201350300,0.880891,6769
Harris,3504,48201350400,1.026383,6758
Harris,3505,48201350500,2.249855,7912
Harris,3506,48201350600,6.376785,14362
Harris,3507,48201350700,0.553299,2490
Harris,3508,48201350800,6.407757,13867
Harris,4101,48201410100,0.465125,4499
Harris,4102,48201410200,0.495228,5237
Harris,4103,48201410300,0.393783,2874
Harris,4104,48201410400,0.619992,6403
Harris,4105,48201410500,0.424879,4630
Harris,4106,48201410600,0.390554,4458
Harris,4107,48201410700,0.769504,6962
Harris,4108,48201410800,0.397625,4215
Harris,4109,48201410900,0.284993,2869
Harris,4110,48201411000,0.561184,5298
Harris,4111,48201411100,0.519445,3872
Harris,4112,48201411200,1.313765,1887
Harris,4113,48201411300,0.549691,4041
Harris,4114,48201411400,0.668258,2711
Harris,4115,48201411500,1.297249,10620
Harris,4116,48201411600,0.526921,2426
Harris,4117,48201411700,0.467474,3208
Harris,4118,48201411800,0.830786,5277
Harris,4119,48201411900,0.6987,3173
Harris,4120,48201412000,0.577439,4058
Harris,4121,48201412100,0.46984,2768
Harris,4122,48201412200,0.925149,5914
Harris,4123,48201412300,0.919315,7021
Harris,4124,48201412400,0.651897,4737
Harris,4125,48201412500,0.249669,1596
Harris,4126,48201412600,0.467761,3941
Harris,4127,48201412700,0.794404,3547
Harris,4128,48201412800,0.786551,5261
Harris,4129,48201412900,0.783122,4078
Harris,4130,48201413000,0.618084,3921
Harris,4131,48201413100,0.551275,3164
Harris,4132,48201413200,0.398047,6684
Harris,4133,48201413300,1.220634,7779
Harris,4201,48201420100,0.448127,2934
Harris,4202,48201420200,0.633075,2736
Harris,4203,48201420300,0.925337,3794
Harris,4204,48201420400,0.950637,3647
Harris,4205,48201420500,0.902163,3925
Harris,4206,48201420600,0.465336,2283
Harris,4207,48201420700,0.878755,2998
Harris,4208,48201420800,0.811316,2348
Harris,4209,48201420900,1.341833,7061
Harris,4210,48201421000,0.718403,2925
Harris,4211,48201421100,0.808355,8976
Harris,4212,48201421200,0.393741,10401
Harris,4213,48201421300,0.573159,7775
Harris,4214,48201421400,0.425077,11874
Harris,4215,48201421500,0.589233,7875
Harris,4216,48201421600,0.562512,7502
Harris,4217,48201421700,0.726831,4751
Harris,4218,48201421800,0.451728,4999
Harris,4219,48201421900,0.641797,2531
Harris,4220,48201422000,0.564632,2538
Harris,4221,48201422100,0.926305,5400
Harris,4222,48201422200,0.685132,5356
Harris,4223,48201422300,0.617876,10074
Harris,4224,48201422400,0.845779,10523
Harris,4225,48201422500,0.71278,7118
Harris,4226,48201422600,0.874826,7929
Harris,4227,48201422700,1.20608,8799
Harris,4228,48201422800,0.888297,5015
Harris,4229,48201422900,0.623725,4335
Harris,4230,48201423000,0.688958,6116
Harris,4231,48201423100,0.631453,2523
Harris,4232,48201423200,1.310347,11916
Harris,4233,48201423300,1.428352,9876
Harris,4234,48201423400,1.46627,10766
Harris,4235,48201423500,0.47989,1993
Harris,4236,48201423600,1.27452,7320
Harris,4301,48201430100,1.686674,5983
Harris,4302,48201430200,0.276292,1558
Harris,4303,48201430300,1.994062,4814
Harris,4304,48201430400,2.132869,3398
Harris,4305,48201430500,0.920995,2696
Harris,4306,48201430600,1.448672,3966
Harris,4307,48201430700,0.720288,3911
Harris,4308,48201430800,1.305753,5633
Harris,4309,48201430900,1.085413,5900
Harris,4310,48201431000,1.61185,5877
Harris,4311,48201431100,0.68464,7698
Harris,4312,48201431200,0.765716,9310
Harris,4313,48201431300,0.806622,10075
Harris,4314,48201431400,0.418957,5215
Harris,4315,48201431500,0.825329,7811
Harris,4316,48201431600,1.135561,2937
Harris,4317,48201431700,1.137929,4596
Harris,4318,48201431800,1.002133,8437
Harris,4319,48201431900,0.492221,4357
Harris,4320,48201432000,0.828522,8943
Harris,4321,48201432100,0.6191,6026
Harris,4322,48201432200,0.646564,4994
Harris,4323,48201432300,0.676465,7580
Harris,4324,48201432400,0.70006,5739
Harris,4325,48201432500,0.641205,5501
Harris,4326,48201432600,0.627052,2065
Harris,4327,48201432700,0.888559,10819
Harris,4328,48201432800,1.374879,11293
Harris,4329,48201432900,1.146317,9055
Harris,4330,48201433000,1.098088,15900
Harris,4331,48201433100,0.324367,4033
Harris,4332,48201433200,0.867337,10040
Harris,4333,48201433300,0.935168,5069
Harris,4334,48201433400,0.629194,4785
Harris,4335,48201433500,0.783585,14080
Harris,4336,48201433600,0.557877,6712
Harris,4401,48201440100,2.11646,7115
Harris,4501,48201450100,0.319446,1903
Harris,4502,48201450200,1.044835,5244
Harris,4503,48201450300,0.993186,8530
Harris,4504,48201450400,0.749905,4596
Harris,4505,48201450500,1.111008,2968
Harris,4506,48201450600,0.717559,4060
Harris,4507,48201450700,1.690762,6507
Harris,4508,48201450800,1.011657,10650
Harris,4509,48201450900,0.626283,3035
Harris,4510,48201451000,0.740694,11062
Harris,4511,48201451100,0.922381,4001
Harris,4512,48201451200,0.65168,2731
Harris,4513,48201451300,1.190378,7223
Harris,4514,48201451400,1.399824,13253
Harris,4515,48201451500,0.765625,4723
Harris,4516,48201451600,2.931196,17081
Harris,4517,48201451700,0.674682,3673
Harris,4518,48201451800,1.828553,5792
Harris,4519,48201451900,1.594901,10011
Harris,4520,48201452000,0.755661,8360
Harris,4521,48201452100,1.739572,10595
Harris,4522,48201452200,1.1043,9252
Harris,4523,48201452300,0.775596,2405
Harris,4524,48201452400,0.868129,8119
Harris,4525,48201452500,1.223471,7927
Harris,4526,48201452600,1.0175,8907
Harris,4527,48201452700,1.781849,13124
Harris,4528,48201452800,1.119615,12839
Harris,4529,48201452900,0.507529,4626
Harris,4530,48201453000,1.057627,8200
Harris,4531,48201453100,0.855447,4550
Harris,4532,48201453200,0.680514,8720
Harris,4533,48201453300,0.791271,3471
Harris,4534,48201453400,1.561464,16178
Harris,4535,48201453500,1.095813,10443
Harris,4536,48201453600,1.450224,10890
Harris,4537,48201453700,0.901077,9804
Harris,4538,48201453800,0.700278,4312
Harris,4539,48201453900,1.258511,11216
Harris,4540,48201454000,0.803457,5433
Harris,4541,48201454100,0.66899,3994
Harris,4542,48201454200,0.564755,4542
Harris,4543,48201454300,2.587504,18587
Harris,4544,48201454400,12.658349,924
Harris,4545,48201454500,7.309633,11919
Harris,4546,48201454600,1.29298,4898
Harris,4547,48201454700,1.324454,6851
Harris,4548,48201454800,1.132968,8191
Harris,4549,48201454900,1.791556,12169
Harris,4550,48201455000,0.503565,2916
Harris,4551,48201455100,1.67671,10202
Harris,4552,48201455200,1.077793,4517
Harris,4553,48201455300,2.108783,8839
Harris,5101,48201510100,0.574753,2188
Harris,5102,48201510200,1.366276,6705
Harris,5103,48201510300,0.918389,5043
Harris,5104,48201510400,0.570888,3891
Harris,5105,48201510500,0.673416,3325
Harris,5106,48201510600,0.804711,6203
Harris,5107,48201510700,0.417733,4544
Harris,5108,48201510800,3.410957,7958
Harris,5109,48201510900,2.100185,7075
Harris,5110,48201511000,1.692508,7507
Harris,5111,48201511100,0.724852,3506
Harris,5112,48201511200,0.806879,5225
Harris,5113,48201511300,1.311339,7848
Harris,5114,48201511400,0.442523,3190
Harris,5115,48201511500,1.189444,8020
Harris,5116,48201511600,0.752689,3576
Harris,5201,48201520100,1.139528,1917
Harris,5202,48201520200,0.726778,3360
Harris,5203,48201520300,0.571493,5525
Harris,5204,48201520400,0.787872,3420
Harris,5205,48201520500,2.894068,9298
Harris,5206,48201520600,1.278802,8768
Harris,5207,48201520700,0.759723,4072
Harris,5210,48201521000,0.455042,2426
Harris,5211,48201521100,0.230835,2291
Harris,5212,48201521200,0.724759,5762
Harris,5213,48201521300,1.125956,5696
Harris,5214,48201521400,0.586901,7554
Harris,5215,48201521500,0.785253,6036
Harris,5216,48201521600,2.577175,3498
Harris,5217,48201521700,2.120167,6867
Harris,5218,48201521800,2.714866,5545
Harris,5219,48201521900,1.472131,6705
Harris,5220,48201522000,0.774136,4713
Harris,5221,48201522100,0.89002,7672
Harris,5222,48201522200,1.311728,8117
Harris,5223,48201522300,1.035193,7847
Harris,5224,48201522400,2.148233,9649
Harris,5225,48201522500,1.488273,5112
Harris,5301,48201530100,1.002039,6550
Harris,5302,48201530200,1.364202,3679
Harris,5303,48201530300,0.709002,2358
Harris,5304,48201530400,0.614424,2954
Harris,5305,48201530500,0.910606,5405
Harris,5306,48201530600,1.192142,3597
Harris,5307,48201530700,1.076764,5601
Harris,5308,48201530800,1.777583,4350
Harris,5309,48201530900,0.7726,4396
Harris,5310,48201531000,0.92133,3905
Harris,5311,48201531100,0.637492,3262
Harris,5312,48201531200,0.739358,3573
Harris,5313,48201531300,0.594879,6275
Harris,5314,48201531400,0.411269,2150
Harris,5315,48201531500,0.736578,3014
Harris,5316,48201531600,0.909399,3153
Harris,5317,48201531700,0.719184,3425
Harris,5318,48201531800,1.253476,2366
Harris,5319,48201531900,1.673333,5077
Harris,5320,48201532000,0.996459,7611
Harris,5321,48201532100,0.728294,7176
Harris,5322,48201532200,0.718195,4083
Harris,5323,48201532300,2.395651,7429
Harris,5324,48201532400,1.795675,6824
Harris,5325,48201532500,2.897251,13999
Harris,5326,48201532600,1.033089,6534
Harris,5327,48201532700,1.01613,4934
Harris,5328,48201532800,0.512697,1951
Harris,5329,48201532900,0.658932,6684
Harris,5330,48201533000,0.683895,2422
Harris,5331,48201533100,1.345403,7864
Harris,5332,48201533200,1.034282,3921
Harris,5333,48201533300,1.36609,6199
Harris,5334,48201533400,2.642431,12175
Harris,5335,48201533500,1.031231,4357
Harris,5336,48201533600,1.356669,5468
Harris,5337,48201533700,3.771528,9508
Harris,5338,48201533800,5.407317,18492
Harris,5339,48201533900,1.866091,14510
Harris,5340,48201534000,3.224953,12350
Harris,5341,48201534100,4.862279,8510
Harris,5342,48201534200,4.756411,14622
Harris,5401,48201540100,8.600658,11422
Harris,5402,48201540200,0.966992,2624
Harris,5405,48201540500,2.033369,11801
Harris,5406,48201540600,1.825805,11738
Harris,5407,48201540700,2.992074,7201
Harris,5408,48201540800,3.685603,7219
Harris,5409,48201540900,2.353356,9142
Harris,5410,48201541000,7.643254,34880
Harris,5411,48201541100,1.305939,7060
Harris,5412,48201541200,3.561112,20833
Harris,5413,48201541300,2.049002,12908
Harris,5414,48201541400,1.708531,16884
Harris,5415,48201541500,1.186599,5513
Harris,5416,48201541600,3.720092,16623
Harris,5417,48201541700,8.205103,10881
Harris,5418,48201541800,1.943948,6636
Harris,5419,48201541900,2.130905,7293
Harris,5420,48201542000,2.083663,16250
Harris,5421,48201542100,5.962115,40616
Harris,5422,48201542200,9.192453,23196
Harris,5423,48201542300,4.015827,22168
Harris,5424,48201542400,2.217542,12874
Harris,5425,48201542500,1.673148,3039
Harris,5426,48201542600,1.764915,5773
Harris,5427,48201542700,1.853312,5142
Harris,5428,48201542800,3.455457,8714
Harris,5429,48201542900,20.885198,20768
Harris,5430,48201543000,57.499805,57102
Harris,5431,48201543100,49.175561,3633
Harris,5432,48201543200,15.554894,8175
Harris,5501,48201550100,1.347784,5456
Harris,5502,48201550200,0.967571,4414
Harris,5503,48201550300,4.51986,20086
Harris,5504,48201550400,5.67231,26472
Harris,5505,48201550500,1.6893,6443
Harris,5506,48201550600,1.890857,16627
Harris,5507,48201550700,2.340768,3892
Harris,5508,48201550800,0.768478,3669
Harris,5509,48201550900,1.229652,9779
Harris,5510,48201551000,0.42896,3908
Harris,5511,48201551100,1.779734,10894
Harris,5512,48201551200,1.378362,7718
Harris,5513,48201551300,0.76699,4434
Harris,5514,48201551400,3.055854,5130
Harris,5515,48201551500,3.828041,8775
Harris,5516,48201551600,1.179958,9294
Harris,5517,48201551700,3.732417,21067
Harris,5518,48201551800,2.324285,4385
Harris,5519,48201551900,0.691428,5758
Harris,5520,48201552000,2.349466,9938
Harris,5521,48201552100,2.723745,14208
Harris,5522,48201552200,3.85426,7798
Harris,5523,48201552300,3.051008,8670
Harris,5524,48201552400,2.360219,7709
Harris,5525,48201552500,2.110742,11478
Harris,5526,48201552600,3.137655,12923
Harris,5527,48201552700,1.918852,8620
Harris,5528,48201552800,2.48536,9371
Harris,5529,48201552900,1.873611,8878
Harris,5530,48201553000,3.565274,10620
Harris,5531,48201553100,1.302648,6118
Harris,5532,48201553200,1.632188,6452
Harris,5533,48201553300,0.535084,6377
Harris,5534,48201553400,6.022109,20399
Harris,5535,48201553500,1.368532,6890
Harris,5536,48201553600,1.857959,8097
Harris,5537,48201553700,1.213188,4242
Harris,5538,48201553800,3.489549,11735
Harris,5539,48201553900,2.014527,8055
Harris,5540,48201554000,2.932568,7611
Harris,5541,48201554100,2.04189,10883
Harris,5542,48201554200,2.713373,9310
Harris,5543,48201554300,4.396556,12482
Harris,5544,48201554400,15.306715,45173
Harris,5545,48201554500,6.534495,12644
Harris,5546,48201554600,1.406846,4486
Harris,5547,48201554700,1.77449,8339
Harris,5548,48201554800,18.438479,38231
Harris,5549,48201554900,13.303494,31727
Harris,5550,48201555000,2.142842,8401
Harris,5551,48201555100,2.905843,10747
Harris,5552,48201555200,7.21161,10902
Harris,5553,48201555300,18.004971,29054
Harris,5554,48201555400,10.591962,10337
Harris,5555,48201555500,29.243186,30715
Harris,5556,48201555600,20.955644,6362
Harris,5557,48201555700,8.627736,24712
Harris,5560,48201556000,51.237223,7265
Brazoria,6601,48039660100,1.632312,4975
Brazoria,6602,48039660200,7.072554,6678
Brazoria,6603,48039660300,3.846986,11489
Brazoria,6604,48039660400,4.214971,10756
Brazoria,6605,48039660500,9.483542,9591
Brazoria,6606,48039660600,22.659486,56002
Brazoria,6607,48039660700,18.301436,31577
Brazoria,6608,48039660800,5.55525,17606
Brazoria,6609,48039660900,17.291975,7612
Brazoria,6610,48039661000,16.48786,7242
Brazoria,6611,48039661100,5.44595,3595
Brazoria,6612,48039661200,1.358961,4402
Brazoria,6613,48039661300,1.312301,2460
Brazoria,6614,48039661400,2.706727,6937
Brazoria,6615,48039661500,39.446976,9688
Brazoria,6616,48039661600,21.946111,9627
Brazoria,6617,48039661700,169.846583,2976
Brazoria,6618,48039661800,61.954948,6163
Brazoria,6619,48039661900,116.733516,15562
Brazoria,6620,48039662000,147.763622,6249
Brazoria,6621,48039662100,52.284651,5481
Brazoria,6622,48039662200,36.23196,7375
Brazoria,6623,48039662300,1.331731,5211
Brazoria,6624,48039662400,34.60379,5040
Brazoria,6625,48039662500,36.067466,2986
Brazoria,6626,48039662600,12.26327,3563
Brazoria,6627,48039662700,80.54734,2454
Brazoria,6628,48039662800,51.751016,6372
Brazoria,6629,48039662900,21.463007,5111
Brazoria,6630,48039663000,23.206664,4157
Brazoria,6631,48039663100,34.374096,7648
Brazoria,6632,48039663200,1.608447,4721
Brazoria,6633,48039663300,0.960602,2202
Brazoria,6634,48039663400,4.20687,7684
Brazoria,6635,48039663500,1.386768,6122
Brazoria,6636,48039663600,2.143302,5194
Brazoria,6637,48039663700,1.430985,3573
Brazoria,6638,48039663800,2.102462,6288
Brazoria,6639,48039663900,1.25863,2361
Brazoria,6640,48039664000,12.766552,3930
Brazoria,6641,48039664100,69.768419,5810
Brazoria,6642,48039664200,45.230418,2146
Brazoria,6643,48039664300,3.13969,5858
Brazoria,6644,48039664400,27.076071,6042
Brazoria,6645,48039664500,130.037681,5483
Fort Bend,6701,48157670100,1.760348,9996
Fort Bend,6702,48157670200,1.400389,7592
Fort Bend,6703,48157670300,1.156528,3400
Fort Bend,6704,48157670400,0.987705,5348
Fort Bend,6705,48157670500,2.009749,4598
Fort Bend,6706,48157670600,2.77958,10983
Fort Bend,6707,48157670700,11.216166,5861
Fort Bend,6708,48157670800,5.649793,18027
Fort Bend,6709,48157670900,8.685839,19983
Fort Bend,6710,48157671000,3.264074,11397
Fort Bend,6711,48157671100,2.676429,8663
Fort Bend,6712,48157671200,1.283426,6515
Fort Bend,6713,48157671300,0.981058,4351
Fort Bend,6714,48157671400,1.292678,8673
Fort Bend,6715,48157671500,2.206958,9690
Fort Bend,6716,48157671600,1.975355,10261
Fort Bend,6717,48157671700,2.31369,5230
Fort Bend,6718,48157671800,4.927627,3384
Fort Bend,6719,48157671900,0.822774,4051
Fort Bend,6720,48157672000,4.698816,15105
Fort Bend,6721,48157672100,2.482686,4051
Fort Bend,6722,48157672200,2.369315,3620
Fort Bend,6723,48157672300,3.025841,16895
Fort Bend,6724,48157672400,1.623984,8935
Fort Bend,6725,48157672500,0.998274,7674
Fort Bend,6726,48157672600,2.231282,18379
Fort Bend,6727,48157672700,5.519678,22264
Fort Bend,6728,48157672800,4.113207,8195
Fort Bend,6729,48157672900,18.229593,51536
Fort Bend,6730,48157673000,10.444829,29524
Fort Bend,6731,48157673100,23.863568,89791
Fort Bend,6732,48157673200,46.108258,16875
Fort Bend,6733,48157673300,46.980984,7258
Fort Bend,6734,48157673400,33.542626,25696
Fort Bend,6735,48157673500,3.833055,8221
Fort Bend,6736,48157673600,3.312359,7746
Fort Bend,6737,48157673700,3.439408,2629
Fort Bend,6738,48157673800,5.386436,10623
Fort Bend,6739,48157673900,5.336141,20529
Fort Bend,6740,48157674000,1.863371,8207
Fort Bend,6741,48157674100,1.610281,7369
Fort Bend,6742,48157674200,2.239563,5180
Fort Bend,6743,48157674300,2.88506,9259
Fort Bend,6744,48157674400,11.365072,19477
Fort Bend,6745,48157674500,34.79568,34294
Fort Bend,6746,48157674600,15.732742,24768
Fort Bend,6747,48157674700,8.047964,15077
Fort Bend,6748,48157674800,1.507067,5814
Fort Bend,6749,48157674900,3.677333,6079
Fort Bend,6750,48157675000,1.523128,3419
Fort Bend,6751,48157675100,2.994606,11208
Fort Bend,6752,48157675200,2.341641,5862
Fort Bend,6753,48157675300,3.620601,6911
Fort Bend,6754,48157675400,54.784654,8122
Fort Bend,6755,48157675500,110.373927,17695
Fort Bend,6756,48157675600,102.894637,7315
Fort Bend,6757,48157675700,90.210384,6456
Fort Bend,6758,48157675800,124.183187,3281
Waller,6801,48473680100,24.142627,6196
Waller,6802,48473680200,150.273783,9625
Waller,6803,48473680300,106.982386,10183
Waller,6804,48473680400,1.918963,4010
Waller,6805,48473680500,150.353336,11284
Waller,6806,48473680600,79.665201,8689
Montgomery,6901,48339690100,22.232144,10794
Montgomery,6902,48339690200,37.362103,20306
Montgomery,6903,48339690300,15.629481,5607
Montgomery,6904,48339690400,47.799144,25214
Montgomery,6905,48339690500,14.724392,11660
Montgomery,6906,48339690600,19.963024,45764
Montgomery,6907,48339690700,5.840953,10751
Montgomery,6908,48339690800,1.907603,4239
Montgomery,6909,48339690900,1.853349,4385
Montgomery,6910,48339691000,1.73446,3984
Montgomery,6911,48339691100,0.914259,4229
Montgomery,6912,48339691200,2.299076,7398
Montgomery,6913,48339691300,3.801573,10263
Montgomery,6914,48339691400,5.723456,9176
Montgomery,6915,48339691500,1.697323,4342
Montgomery,6916,48339691600,2.489766,9379
Montgomery,6917,48339691700,2.14612,2876
Montgomery,6918,48339691800,2.742296,9646
Montgomery,6919,48339691900,3.255809,6684
Montgomery,6920,48339692000,41.782657,49035
Montgomery,6921,48339692100,14.825352,15009
Montgomery,6922,48339692200,41.845599,8888
Montgomery,6923,48339692300,21.966375,19479
Montgomery,6924,48339692400,6.577521,10658
Montgomery,6925,48339692500,16.832055,9584
Montgomery,6926,48339692600,28.39268,18669
Montgomery,6927,48339692700,33.899544,7986
Montgomery,6928,48339692800,32.070927,16787
Montgomery,6929,48339692900,29.031057,5611
Montgomery,6930,48339693000,45.333537,10713
Montgomery,6931,48339693100,7.134762,11444
Montgomery,6932,48339693200,9.75214,8370
Montgomery,6933,48339693300,9.76813,7879
Montgomery,6934,48339693400,1.032091,4215
Montgomery,6935,48339693500,1.967795,5872
Montgomery,6936,48339693600,2.473385,3829
Montgomery,6937,48339693700,13.453525,11773
Montgomery,6938,48339693800,5.2477,4791
Montgomery,6939,48339693900,15.5785,13140
Montgomery,6940,48339694000,48.350744,11680
Montgomery,6941,48339694100,74.65289,17971
Montgomery,6942,48339694200,41.430273,19923
Montgomery,6943,48339694300,16.536456,21954
Montgomery,6944,48339694400,22.218239,9160
Montgomery,6945,48339694500,59.140736,11995
Montgomery,6946,48339694600,88.346855,8327
Montgomery,6947,48339694700,118.864346,3006
Liberty,7001,48291700100,19.876731,4079
Liberty,7002,48291700200,6.290084,3237
Liberty,7003,48291700300,77.387922,10911
Liberty,7004,48291700400,139.737344,7629
Liberty,7005,48291700500,107.481664,2851
Liberty,7006,48291700600,121.132346,2589
Liberty,7007,48291700700,50.87825,2233
Liberty,7008,48291700800,40.314306,8778
Liberty,7009,48291700900,64.648549,8352
Liberty,7010,48291701000,70.624413,7568
Liberty,7011,48291701100,72.629556,6096
Liberty,7012,48291701200,58.441886,6401
Liberty,7013,48291701300,136.959875,3065
Liberty,7014,48291701400,191.981996,8073
Harris,9800,48201980000,2.167823,3
Harris,9801,48201980100,12.296335,570
Brazoria,9900,48039990000,0,0
